objectid;área;nome;regiao_adm;area_plane;codbairro;codra;codbnum;link;rp;cod_rp;codbairro_;st_areasha;st_perimet;area_km2
325;1705684,503906250000000;Paquetá;PAQUETA;1;013;21;13;Paqueta&area=013;Centro;1.1;13;1705689,117826539790258;24841,459984438439278;1,705689117830000
326;4056402,766113280318677;Freguesia (Ilha);ILHA DO GOVERNADOR;3;098;20;98;Freguesia (Ilha)          &area=98;Ilha do Governador;3.7;98;4056413,758011440280825;18303,621385447724606;4,056413758010000
327;978046,542480470030569;Bancários;ILHA DO GOVERNADOR;3;097;20;97;Bancários                 &area=97;Ilha do Governador;3.7;97;978049,182262859190814;7758,791894868748386;0,978049182263000
328;18957422,151855468750000;Galeão;ILHA DO GOVERNADOR;3;104;20;104;Galeão                    &area=104;Ilha do Governador;3.7;104;18957473,378097731620073;21510,088396041181113;18,957473378100001
329;1672545,750976560171694;Tauá;ILHA DO GOVERNADOR;3;101;20;101;Tauá                      &area=101;Ilha do Governador;3.7;101;1672550,278130770893767;8246,120719684367941;1,672550278130000
330;1186409,439453130122274;Portuguesa;ILHA DO GOVERNADOR;3;103;20;103;Portuguesa                &area=103;Ilha do Governador;3.7;103;1186412,649807245470583;5101,529772323834550;1,186412649810000
331;520557,466796880005859;Moneró;ILHA DO GOVERNADOR;3;102;20;102;Moneró                    &area=102;Ilha do Governador;3.7;102;520558,878021699085366;3538,290173484380830;0,520558878022000
333;3385308,031250000000000;Vigário Geral;VIGARIO GERAL;3;048;31;48;Vigário Geral             &area=48;Penha;3.5;48;3385317,181361395865679;8077,093078324371163;3,385317181360000
334;490102,430175779969431;Cocotá;ILHA DO GOVERNADOR;3;096;20;96;Cocotá                    &area=96;Ilha do Governador;3.7;96;490103,738674535008613;4799,078116562456671;0,490103738675000
335;1973968,447265630122274;Jardim América;VIGARIO GERAL;3;049;31;49;Jardim América            &area=49;Penha;3.5;49;1973973,763106783619151;6129,785808948033264;1,973973763110000
336;1621126,188476560171694;Jardim Carioca;ILHA DO GOVERNADOR;3;100;20;100;Jardim Carioca            &area=100;Ilha do Governador;3.7;100;1621130,575177731225267;6150,888080713012641;1,621130575180000
337;8311405,554687500000000;Pavuna;PAVUNA;3;114;25;114;Pavuna                    &area=114;Pavuna;3.6;114;8311428,030284469947219;18418,081855646145414;8,311428030280000
338;3856801,066894530318677;Cordovil;VIGARIO GERAL;3;046;31;46;Cordovil                  &area=46;Penha;3.5;46;3856811,476427385117859;13947,722740818147940;3,856811476430000
339;3205882,070800779853016;Jardim Guanabara;ILHA DO GOVERNADOR;3;099;20;99;Jardim Guanabara          &area=99;Ilha do Governador;3.7;99;3205890,691404952667654;9028,419393609819963;3,205890691400000
340;2197968,694824220146984;Parada de Lucas;VIGARIO GERAL;3;047;31;47;Parada de Lucas           &area=47;Penha;3.5;47;2197974,637946579605341;9216,714274780955748;2,197974637950000
341;1517134,466308590024710;Parque Colúmbia;PAVUNA;3;159;25;159;Parque Colúmbia           &area=159;Pavuna;3.6;159;1517138,541834378149360;6179,277677140141350;1,517138541830000
342;379405,898925779969431;Praia da Bandeira;ILHA DO GOVERNADOR;3;095;20;95;Praia da Bandeira         &area=95;Ilha do Governador;3.7;95;379406,929344802745618;3423,226900022775226;0,379406929345000
343;4623381,895996090024710;Penha Circular;PENHA;3;044;11;44;Penha Circular            &area=44;Penha;3.5;44;4623394,364033970981836;16639,422656534683483;4,623394364030000
345;2068686,081054690061137;Cacuia;ILHA DO GOVERNADOR;3;093;20;93;Cacuia                    &area=93;Ilha do Governador;3.7;93;2068691,670363937038928;10232,347014896464316;2,068691670360000
346;7477839,769531250000000;Irajá;IRAJA;3;076;14;76;Irajá                     &area=76;Madureira;3.3;76;7477859,905138947069645;18436,020158213592367;7,477859905140000
347;4345726,979003909975290;Anchieta;ANCHIETA;3;107;22;107;Anchieta                  &area=107;Pavuna;3.6;107;4345738,720982576720417;11471,434325252452254;4,345738720980000
348;1605524,320312500000000;Acari;PAVUNA;3;111;25;111;Acari                     &area=111;Pavuna;3.6;111;1605528,605370582314208;6408,781457871807106;1,605528605370000
349;604129,774902339908294;Pitangueiras;ILHA DO GOVERNADOR;3;094;20;94;Pitangueiras              &area=94;Ilha do Governador;3.7;94;604131,394923233659938;3514,096022321278269;0,604131394923000
350;1814831,705566409975290;Costa Barros;PAVUNA;3;113;25;113;Costa Barros              &area=113;Pavuna;3.6;113;1814836,573451187228784;6638,999099547446349;1,814836573450000
351;3522221,852539060171694;Brás de Pina;PENHA;3;045;11;45;Brás de Pina              &area=45;Penha;3.5;45;3522231,336921377107501;12591,627245295152534;3,522231336920000
352;5811323,138671880587935;Penha;PENHA;3;043;11;43;Penha                     &area=43;Penha;3.5;43;5811338,820852215401828;13667,794011660009346;5,811338820850000
353;161117,784179690002929;Zumbi;ILHA DO GOVERNADOR;3;092;20;92;Zumbi                     &area=92;Ilha do Governador;3.7;92;161118,235725701233605;2122,524106635972657;0,161118235726000
354;861924,822753909975290;Ribeira;ILHA DO GOVERNADOR;3;091;20;91;Ribeira                   &area=91;Ilha do Governador;3.7;91;861927,156472415663302;7050,041084236008828;0,861927156472000
355;2511970,338378909975290;Coelho Neto;PAVUNA;3;110;25;110;Coelho Neto               &area=110;Pavuna;3.6;110;2511977,150505090132356;7534,548693899095269;2,511977150510000
356;3820007,673339840024710;Guadalupe;ANCHIETA;3;106;22;106;Guadalupe                 &area=106;Pavuna;3.6;106;3820017,981592127587646;10384,246204600254714;3,820017981590000
357;3905790,007324220146984;Parque Anchieta;ANCHIETA;3;108;22;108;Parque Anchieta           &area=108;Pavuna;3.6;108;3905800,482052277307957;13017,752634876078446;3,905800482050000
358;1723864,333496089791879;Barros Filho;PAVUNA;3;112;25;112;Barros Filho              &area=112;Pavuna;3.6;112;1723868,974502149736509;7194,163300337610963;1,723868974500000
359;515209,051757809997071;Vista Alegre;IRAJA;3;075;14;75;Vista Alegre              &area=75;Madureira;3.3;75;515210,428664152452257;3581,530910709466298;0,515210428664000
360;2116869,799316409975290;Ricardo de Albuquerque;ANCHIETA;3;109;22;109;Ricardo de Albuquerque    &area=109;Pavuna;3.6;109;2116875,498040712904185;9196,705978294465240;2,116875498040000
361;2261110,268554689828306;Colégio;IRAJA;3;077;14;77;Colégio                   &area=77;Madureira;3.3;77;2261116,341690598987043;7739,232425019455150;2,261116341690000
362;1374847,056640630122274;Honório Gurgel;MADUREIRA;3;087;15;87;Honório Gurgel            &area=87;Madureira;3.3;87;1374850,699903117259964;6884,593525104519358;1,374850699900000
363;3689833,247070310171694;Olaria;RAMOS;3;042;10;42;Olaria                    &area=42;Ramos;3.1;42;3689843,104991391766816;12231,009936243870470;3,689843104990000
364;1435715,755371090024710;Vila da Penha;IRAJA;3;074;14;74;Vila da Penha             &area=74;Madureira;3.3;74;1435719,617080163676292;6100,170492418504182;1,435719617080000
365;4268761,302734379656613;Maré;COMPLEXO DA MARE;3;157;30;157;Maré                      &area=157;Ramos;3.1;157;4268772,775381146930158;13082,638710071445530;4,268772775380000
366;10756709,423828130587935;Vila Militar;REALENGO;5;135;33;135;Vila Militar              &area=135;Bangu;5.1;135;10756738,323023971170187;18077,023093641852029;10,756738323000000
367;4690706,469726560637355;Cidade Universitária;ILHA DO GOVERNADOR;3;105;20;105;Cidade Universitária      &area=105;Ilha do Governador;3.7;105;4690719,087224005721509;22376,252521501475712;4,690719087220000
368;2886705,523925779853016;Rocha Miranda;MADUREIRA;3;086;15;86;Rocha Miranda             &area=86;Madureira;3.3;86;2886713,312752617523074;9166,736174145515179;2,886713312750000
369;2793533,000000000000000;Ramos;RAMOS;3;041;10;41;Ramos                     &area=41;Ramos;3.1;41;2793540,529230173211545;8911,705084393928701;2,793540529230000
370;26054198,068847659975290;Realengo;REALENGO;5;139;33;139;Realengo                  &area=139;Bangu;5.1;139;26054267,778423093259335;30896,866166006562707;26,054267778400000
371;1519254,129882809938863;Vila Kosmos;IRAJA;3;072;14;72;Vila Kosmos               &area=72;Madureira;3.3;72;1519258,195167182479054;6511,866619648618325;1,519258195170000
372;3886225,660644529853016;Marechal Hermes;MADUREIRA;3;090;15;90;Marechal Hermes           &area=90;Madureira;3.3;90;3886236,031829517800361;11946,984755332685381;3,886236031830000
373;1835710,649902340024710;Vicente de Carvalho;IRAJA;3;073;14;73;Vicente de Carvalho       &area=73;Madureira;3.3;73;1835715,639332751510665;6753,016845975804245;1,835715639330000
374;27417970,833007808774710;Paciência;SANTA CRUZ;5;148;19;148;Paciência                 &area=148;Santa Cruz;5.3;148;27418044,175438199192286;34307,612115051837463;27,418044175399999
375;2225644,968261720146984;Engenho da Rainha;INHAUMA;3;055;12;55;Engenho da Rainha         &area=55;Inhaúma;3.4;55;2225650,906887932680547;9188,822441568414433;2,225650906890000
376;2960855,184570310171694;Complexo do Alemão;COMPLEXO DO ALEMÃO;3;156;29;156;Complexo do Alemão        &area=156;Inhaúma;3.4;156;2960863,124746925197542;11998,452432870082703;2,960863124750000
377;1101220,962402340024710;Vaz Lobo;MADUREIRA;3;084;15;84;Vaz Lobo                  &area=84;Madureira;3.3;84;1101223,899128260323778;5030,573926943615334;1,101223899130000
378;4865791,842773440293968;Padre Miguel;BANGU;5;140;17;140;Padre Miguel              &area=140;Bangu;5.1;140;4865804,920190045610070;16274,210279844943216;4,865804920190000
379;3037846,626953130122274;Bento Ribeiro;MADUREIRA;3;089;15;89;Bento Ribeiro             &area=89;Madureira;3.3;89;3037854,785675772931427;8506,047324398712590;3,037854785680000
380;1255809,621093750000000;Turiaçú;MADUREIRA;3;085;15;85;Turiaçú                   &area=85;Madureira;3.3;85;1255813,021989419590682;5378,199978146112699;1,255813021990000
381;2199716,170898439828306;Bonsucesso;RAMOS;3;040;10;40;Bonsucesso                &area=40;Ramos;3.1;40;2199722,082377384882420;8559,006177128741911;2,199722082380000
382;3485274,299316409975290;Inhaúma;INHAUMA;3;054;12;54;Inhaúma                   &area=54;Inhaúma;3.4;54;3485283,658373989164829;13164,813216707763786;3,485283658370000
383;1747526,485839839791879;Tomás Coelho;INHAUMA;3;056;12;56;Tomás Coelho              &area=56;Inhaúma;3.4;56;1747531,193763358984143;8403,849173148055343;1,747531193760000
384;8319614,027343750000000;Santíssimo;CAMPO GRANDE;5;143;18;143;Santíssimo                &area=143;Campo Grande;5.2;143;8319636,334554502740502;15804,040719539249039;8,319636334549999
385;3787613,321289060171694;Madureira;MADUREIRA;3;083;15;83;Madureira                 &area=83;Madureira;3.3;83;3787623,426446880213916;9574,374845368376555;3,787623426450000
386;2071126,778808590024710;Osvaldo Cruz;MADUREIRA;3;088;15;88;Osvaldo Cruz              &area=88;Madureira;3.3;88;2071132,374895323300734;6942,748608461929507;2,071132374900000
387;125044295,352050781250000;Santa Cruz;SANTA CRUZ;5;149;19;149;Santa Cruz                &area=149;Santa Cruz;5.3;149;125044629,037668138742447;65717,479341021258733;125,044629037999997
388;1975949,310546879889444;Magalhães Bastos;REALENGO;5;138;33;138;Magalhães Bastos          &area=138;Bangu;5.1;138;1975954,601386444410309;6902,663944455700403;1,975954601390000
389;16908604,956542972475290;Senador Camará;BANGU;5;142;17;142;Senador Camará            &area=142;Bangu;5.1;142;16908650,151341699063778;25798,241536518286011;16,908650151300002
390;1924149,284667969914153;Cavalcanti;MADUREIRA;3;080;15;80;Cavalcanti                &area=80;Madureira;3.3;80;1924154,412826714105904;6248,045267211807186;1,924154412830000
391;3252292,928710939828306;Campo dos Afonsos;REALENGO;5;136;33;136;Campo dos Afonsos         &area=136;Bangu;5.1;136;3252301,636750268749893;8075,662166883380451;3,252301636750000
392;1157472,792480469914153;Higienópolis;INHAUMA;3;050;12;50;Higienópolis              &area=50;Inhaúma;3.4;50;1157475,886344445403665;4944,391498776878507;1,157475886340000
393;2618351,227539060171694;Manguinhos;RAMOS;3;039;10;39;Manguinhos                &area=39;Ramos;3.1;39;2618358,251663165632635;8090,409476641801120;2,618358251660000
394;708274,304687500000000;Engenheiro Leal;MADUREIRA;3;081;15;81;Engenheiro Leal           &area=81;Madureira;3.3;81;708276,174339955672622;3785,031730868570321;0,708276174340000
395;1836420,029785159975290;Pilares;MEIER;3;071;13;71;Pilares                   &area=71;Méier;3.2;71;1836424,957672718912363;6828,738624380651345;1,836424957670000
396;1440914,464843750000000;Del Castilho;INHAUMA;3;053;12;53;Del Castilho              &area=53;Inhaúma;3.4;53;1440918,308131712721661;5294,828146051439035;1,440918308130000
397;3887100,343750000000000;Piedade;MEIER;3;069;13;69;Piedade                   &area=69;Méier;3.2;69;3887110,747199657373130;12326,548024801964857;3,887110747200000
398;2838970,701660159975290;Cascadura;MADUREIRA;3;082;15;82;Cascadura                 &area=82;Madureira;3.3;82;2838978,326826657168567;9056,416039709813049;2,838978326830000
399;4232214,787109380587935;Vila Valqueire;JACAREPAGUA;4;125;16;125;Vila Valqueire            &area=125;Jacarepaguá;4.1;125;4232226,089308925904334;9441,569909653844661;4,232226089310000
400;824989,740722659975290;Maria da Graça;INHAUMA;3;052;12;52;Maria da Graça            &area=52;Inhaúma;3.4;52;824991,934598461957648;4842,435705286864504;0,824991934598000
401;4323794,681152340024710;Quintino Bocaiúva;MADUREIRA;3;079;15;79;Quintino Bocaiúva         &area=79;Madureira;3.3;79;4323806,270041865296662;11247,734947723954974;4,323806270040000
402;7869204,280273440293968;Jardim Sulacap;REALENGO;5;137;33;137;Jardim Sulacap            &area=137;Bangu;5.1;137;7869225,308823653496802;14519,328423941818983;7,869225308820000
403;984510,431152340024710;Campinho;MADUREIRA;3;078;15;78;Campinho                  &area=78;Madureira;3.3;78;984513,125077134347521;4818,489075216589299;0,984513125077000
404;616332,653320310055278;Abolição;MEIER;3;070;13;70;Abolição                  &area=70;Méier;3.2;70;616334,280833197757602;4930,776631240551069;0,616334280833000
405;6441769,125000000000000;Senador Vasconcelos;CAMPO GRANDE;5;145;18;145;Senador Vasconcelos       &area=145;Campo Grande;5.2;145;6441786,350568109191954;12846,825085576148922;6,441786350570000
406;11261318,893066409975290;Cosmos;CAMPO GRANDE;5;147;18;147;Cosmos                    &area=147;Campo Grande;5.2;147;11261348,974442267790437;17686,749141471671464;11,261348974400001
407;943874,106445310055278;Jacarezinho;JACAREZINHO;3;155;28;155;Jacarezinho               &area=155;Méier;3.2;155;943876,623960935627110;6319,114864412018505;0,943876623961000
408;2250159,745605470146984;Cachambi;MEIER;3;065;13;65;Cachambi                  &area=65;Méier;3.2;65;2250165,812735653482378;8081,756100448754296;2,250165812740000
409;6499977,509277340024710;Praça Seca;JACAREPAGUA;4;124;16;124;Praça Seca                &area=124;Jacarepaguá;4.1;124;6499994,823310899548233;11438,688412089531994;6,499994823310000
410;1736412,807617189828306;Benfica;SAO CRISTOVAO;1;012;7;12;Benfica                   &area=12;Centro;1.1;12;1736417,437407854478806;9097,990408642897819;1,736417437410000
411;3920440,574218750000000;Engenho de Dentro;MEIER;3;066;13;66;Engenho de Dentro         &area=66;Méier;3.2;66;3920451,004485152196139;11905,988146563551709;3,920451004490000
412;4105643,889160159975290;São Cristóvão;SAO CRISTOVAO;1;010;7;10;São Cristóvão             &area=10;Centro;1.1;10;4105654,852313204668462;14129,085003760970721;4,105654852310000
413;863074,538085939944722;Vasco da Gama;SAO CRISTOVAO;1;158;7;158;Vasco da Gama             &area=158;Centro;1.1;158;863076,834316144464538;4349,982905485697302;0,863076834316000
414;8287883,104492189362645;Inhoaíba;CAMPO GRANDE;5;146;18;146;Inhoaíba                  &area=146;Campo Grande;5.2;146;8287905,199588881805539;15356,885005067510065;8,287905199590000
415;1012635,967285159975290;Todos os Santos;MEIER;3;064;13;64;Todos os Santos           &area=64;Méier;3.2;64;1012638,671424350352027;6163,388130115521562;1,012638671420000
416;842565,642089840024710;Jacaré;MEIER;3;051;13;51;Jacaré                    &area=51;Méier;3.2;51;842567,884169913013466;6809,030872175109835;0,842567884170000
417;1060146,174804689828306;Encantado;MEIER;3;068;13;68;Encantado                 &area=68;Méier;3.2;68;1060149,022444191854447;5995,554995496772790;1,060149022440000
418;1311625,600097660208121;Rocha;MEIER;3;058;13;58;Rocha                     &area=58;Méier;3.2;58;1311629,114514128072187;5717,941718975234835;1,311629114510000
419;2470933,152343750000000;Méier;MEIER;3;063;13;63;Méier                     &area=63;Méier;3.2;63;2470939,768959077075124;9836,651234058404953;2,470939768960000
420;1112902,741210940061137;Gamboa;PORTUARIA;1;002;1;2;Gamboa                    &area=2;Centro;1.1;2;1112905,720509205246344;4612,833630445842573;1,112905720510000
421;1684720,661132809938863;Santo Cristo;PORTUARIA;1;003;1;3;Santo Cristo              &area=3;Centro;1.1;3;1684725,176994934910908;6743,227884872815594;1,684725176990000
422;5424739,195312500000000;Centro;CENTRO;1;005;2;5;Centro                    &area=5;Centro;1.1;5;5424753,712257931008935;22846,244806009246531;5,424753712260000
423;884408,477050779969431;Sampaio;MEIER;3;060;13;60;Sampaio                   &area=60;Méier;3.2;60;884410,837998251896352;5793,722077882029225;0,884410837998000
424;928108,497070309938863;Riachuelo;MEIER;3;059;13;59;Riachuelo                 &area=59;Méier;3.2;59;928110,984474532073364;5342,536958889586458;0,928110984475000
425;363817,622558590024710;Saúde;PORTUARIA;1;001;1;1;Saúde                     &area=1;Centro;1.1;1;363818,583960533782374;2646,220567693468638;0,363818583961000
426;648907,600097659975290;São Francisco Xavier;MEIER;3;057;13;57;São Francisco Xavier      &area=57;Méier;3.2;57;648909,349749173270538;5462,174269918287791;0,648909349749000
427;2644847,100097659975290;Engenho Novo;MEIER;3;061;13;61;Engenho Novo              &area=61;Méier;3.2;61;2644854,147018135990947;10595,689242692917105;2,644854147020000
428;798128,920898439944722;Mangueira;SAO CRISTOVAO;1;011;7;11;Mangueira                 &area=11;Centro;1.1;11;798131,050532149150968;4489,009692059128611;0,798131050532000
429;5567990,098632809706032;Tanque;JACAREPAGUA;4;123;16;123;Tanque                    &area=123;Jacarepaguá;4.1;123;5568004,962283906526864;15382,461982057793648;5,568004962280000
430;13206630,096679689362645;Taquara;JACAREPAGUA;4;122;16;122;Taquara                   &area=122;Jacarepaguá;4.1;122;13206665,317426307126880;22254,690293555919197;13,206665317400001
431;2426231,839355470146984;Água Santa;MEIER;3;067;13;67;Água Santa                &area=67;Méier;3.2;67;2426238,341677591204643;6751,469407269462863;2,426238341680000
432;2669197,552734379656613;Lins de Vasconcelos;MEIER;3;062;13;62;Lins de Vasconcelos       &area=62;Méier;3.2;62;2669204,708287906832993;9532,649285632976898;2,669204708290000
433;10328406,111816409975290;Freguesia (Jacarepaguá);JACAREPAGUA;4;120;16;120;Freguesia (Jacarepaguá)   &area=120;Jacarepaguá;4.1;120;10328433,605494745075703;17756,801444404136419;10,328433605500001
434;934852,883789060055278;Cidade Nova;RIO COMPRIDO;1;008;3;8;Cidade Nova               &area=8;Centro;1.1;8;934855,375459831790067;4790,116449190169988;0,934855375460000
435;719909,698242189944722;Praça da Bandeira;TIJUCA;2;032;8;32;Praça da Bandeira         &area=32;Tijuca;2.2;32;719911,629995196708478;4727,312581761582805;0,719911629995000
436;3217125,900390629656613;Vila Isabel;VILA ISABEL;2;036;9;36;Vila Isabel               &area=36;Tijuca;2.2;36;3217134,518036474008113;9014,577681912613116;3,217134518040000
437;1667302,203125000000000;Maracanã;VILA ISABEL;2;035;9;35;Maracanã                  &area=35;Tijuca;2.2;35;1667306,667273615486920;8473,326585410246480;1,667306667270000
438;1140065,481933590024710;Glória;BOTAFOGO;2;016;4;16;Glória                    &area=16;Zona Sul;2.1;16;1140068,541752345627174;7225,248107028302002;1,140068541750000
439;3342510,641601560171694;Rio Comprido;RIO COMPRIDO;1;007;3;7;Rio Comprido              &area=7;Centro;1.1;7;3342519,560223045758903;12681,079257753541242;3,342519560220000
440;5157128,513671880587935;Santa Teresa;SANTA TEREZA;1;014;23;14;Santa Teresa              &area=14;Centro;1.1;14;5157142,202903972007334;27344,841104626735614;5,157142202900000
441;980400,665039060055278;Estácio;RIO COMPRIDO;1;009;3;9;Estácio                   &area=9;Centro;1.1;9;980403,290771836997010;5269,432498952721289;0,980403290772000
442;10065558,492675779387355;Tijuca;TIJUCA;2;033;8;33;Tijuca                    &area=33;Tijuca;2.2;33;10065585,297068439424038;20628,852933261328872;10,065585297100000
443;539458,441894530085847;Catumbi;RIO COMPRIDO;1;006;3;6;Catumbi                   &area=6;Centro;1.1;6;539459,892675654962659;5123,712453749691122;0,539459892676000
444;5739104,519531250000000;Grajaú;VILA ISABEL;2;038;9;38;Grajaú                    &area=38;Tijuca;2.2;38;5739119,772796646691859;12833,731362458967851;5,739119772800000
445;2830915,621582029853016;Pechincha;JACAREPAGUA;4;121;16;121;Pechincha                 &area=121;Jacarepaguá;4.1;121;2830923,173542905133218;7817,218012665412061;2,830923173540000
446;2261300,484375000000000;Andaraí;VILA ISABEL;2;037;9;37;Andaraí                   &area=37;Tijuca;2.2;37;2261306,490701237227768;9938,112578124388165;2,261306490700000
447;681026,732910159975290;Catete;BOTAFOGO;2;018;4;18;Catete                    &area=18;Zona Sul;2.1;18;681028,540966541389935;4260,147747354842977;0,681028540967000
448;1646253,587402340024710;Flamengo;BOTAFOGO;2;015;4;15;Flamengo                  &area=15;Zona Sul;2.1;15;1646257,963777906261384;6665,349162565097686;1,646257963780000
449;2493507,371582029853016;Laranjeiras;BOTAFOGO;2;017;4;17;Laranjeiras               &area=17;Zona Sul;2.1;17;2493514,034339312463999;10537,128736078888323;2,493514034340000
450;131786592,992187500000000;Guaratiba;GUARATIBA;5;151;26;151;Guaratiba                 &area=151;Guaratiba;5.4;151;131786941,570838004350662;88693,995708501519402;131,786941571000000
451;39380382,521972671151161;Vargem Grande;BARRA DA TIJUCA;4;131;24;131;Vargem Grande             &area=131;Barra da Tijuca;4.2;131;39380486,947490014135838;33697,320972958339553;39,380486947500003
452;31495676,008789058774710;Alto da Boa Vista;TIJUCA;2;034;8;34;Alto da Boa Vista         &area=34;Tijuca;2.2;34;31495759,649494230747223;43744,469541577236669;31,495759649499998
453;892540,065917970030569;Cosme Velho;BOTAFOGO;2;019;4;19;Cosme Velho               &area=19;Zona Sul;2.1;19;892542,469830598798580;7889,681451933730386;0,892542469831000
454;3339565,578613280318677;Curicica;JACAREPAGUA;4;119;16;119;Curicica                  &area=119;Jacarepaguá;4.1;119;3339574,415815636049956;9985,692182817894718;3,339574415820000
455;4798955,831542970612645;Botafogo;BOTAFOGO;2;020;4;20;Botafogo                  &area=20;Zona Sul;2.1;20;4798968,633448454551399;12136,391938929575190;4,798968633450000
456;2319001,837402340024710;Urca;BOTAFOGO;2;022;4;22;Urca                      &area=22;Zona Sul;2.1;22;2319007,983952365815639;14138,523910427147712;2,319007983950000
457;1273024,816406250000000;Cidade de Deus;CIDADE DE DEUS;4;118;34;118;Cidade de Deus            &area=118;Jacarepaguá;4.1;118;1273028,181629490572959;7243,934431667592435;1,273028181630000
458;11621300,014648439362645;Sepetiba;SANTA CRUZ;5;150;19;150;Sepetiba                  &area=150;Santa Cruz;5.3;150;11621330,813849186524749;21108,849494295758632;11,621330813800000
459;3500410,670898439828306;Anil;JACAREPAGUA;4;116;16;116;Anil                      &area=116;Jacarepaguá;4.1;116;3500419,991671406198293;10834,606579470279030;3,500419991670000
460;75796482,331054687500000;Jacarepaguá;JACAREPAGUA;4;115;16;115;Jacarepaguá               &area=115;Jacarepaguá;4.1;115;75796684,039472147822380;73409,804029594888561;75,796684039499993
461;8859905,685058590024710;Camorim;BARRA DA TIJUCA;4;129;24;129;Camorim                   &area=129;Barra da Tijuca;4.2;129;8859929,122230559587479;17128,184412654642074;8,859929122230000
462;1054475,318847659975290;Humaitá;BOTAFOGO;2;021;4;21;Humaitá                   &area=21;Zona Sul;2.1;21;1054478,094441603636369;7100,855818532910234;1,054478094440000
463;1236291,522949219914153;Gardênia Azul;JACAREPAGUA;4;117;16;117;Gardênia Azul             &area=117;Jacarepaguá;4.1;117;1236294,807182449381799;4618,112239631323973;1,236294807180000
464;2689203,733886720146984;Jardim Botânico;LAGOA;2;028;6;28;Jardim Botânico           &area=28;Zona Sul;2.1;28;2689210,855485330335796;12263,131622962666370;2,689210855490000
465;14438294,698242191225290;Vargem Pequena;BARRA DA TIJUCA;4;130;24;130;Vargem Pequena            &area=130;Barra da Tijuca;4.2;130;14438332,930730804800987;20648,952827857319789;14,438332930700000
466;4100850,171875000000000;Copacabana;COPACABANA;2;024;5;24;Copacabana                &area=24;Zona Sul;2.1;24;4100861,010915669612586;12803,516209460261962;4,100861010920000
467;977199,051269529969431;Leme;COPACABANA;2;023;5;23;Leme                      &area=23;Zona Sul;2.1;23;977201,642581086489372;7045,331379279228713;0,977201642581000
468;5109893,287109380587935;Lagoa;LAGOA;2;027;6;27;Lagoa                     &area=27;Zona Sul;2.1;27;5109906,835076276212931;10368,053471156403248;5,109906835080000
469;13197726,203613281250000;Itanhangá;BARRA DA TIJUCA;4;127;24;127;Itanhangá                 &area=127;Barra da Tijuca;4.2;127;13197761,115648780018091;20400,671868936704413;13,197761115600001
470;2579636,591308590024710;Gávea;LAGOA;2;029;6;29;Gávea                     &area=29;Zona Sul;2.1;29;2579643,414962755516171;14268,524286217854751;2,579643414960000
471;48150630,065917968750000;Barra da Tijuca;BARRA DA TIJUCA;4;128;24;128;Barra da Tijuca           &area=128;Barra da Tijuca;4.2;128;48150757,380870647728443;47771,859388354925613;48,150757380899996
472;2153095,945312500000000;Leblon;LAGOA;2;026;6;26;Leblon                    &area=26;Zona Sul;2.1;26;2153101,652782704215497;7188,672220156106960;2,153101652780000
473;3084907,220214840024710;Ipanema;LAGOA;2;025;6;25;Ipanema                   &area=25;Zona Sul;2.1;25;3084915,337651670444757;23487,557826476371702;3,084915337650000
474;6488565,794433590024710;São Conrado;LAGOA;2;031;6;31;São Conrado               &area=31;Zona Sul;2.1;31;6488582,983184413053095;13311,910709791105546;6,488582983180000
475;1437194,755859379889444;Rocinha;ROCINHA;2;154;27;154;Rocinha                   &area=154;Zona Sul;2.1;154;1437198,577159316744655;6120,753452317617302;1,437198577160000
476;3636912,251953130122274;Pedra de Guaratiba;GUARATIBA;5;153;26;153;Pedra de Guaratiba        &area=153;Guaratiba;5.4;153;3636921,882234506774694;8804,335634873996241;3,636921882230000
477;30655624,236816409975290;Recreio dos Bandeirantes;BARRA DA TIJUCA;4;132;24;132;Recreio dos Bandeirantes  &area=132;Barra da Tijuca;4.2;132;30655705,141314152628183;38561,310855427414936;30,655705141300000
478;1621377,868164060171694;Vidigal;LAGOA;2;030;6;30;Vidigal                   &area=30;Zona Sul;2.1;30;1621382,121825656620786;7553,353992308110719;1,621382121830000
479;1689691,297363280085847;Joá;BARRA DA TIJUCA;4;126;24;126;Joá                       &area=126;Barra da Tijuca;4.2;126;1689695,788928824709728;8871,306290841801456;1,689695788930000
480;9442030,425292970612645;Barra de Guaratiba;GUARATIBA;5;152;26;152;Barra de Guaratiba        &area=152;Guaratiba;5.4;152;9442055,273279637098312;27508,223749720858905;9,442055273279999
481;9598826,275390630587935;Grumari;BARRA DA TIJUCA;4;133;24;133;Grumari                   &area=133;Barra da Tijuca;4.2;133;9598851,461777962744236;23375,374038318106614;9,598851461780001
482;5347480,576660159975290;Caju;PORTUARIA;1;004;1;4;Caju                      &area=4;Centro;1.1;4;5347494,848635037429631;19800,522523536459630;5,347494848640000
483;4640511,100097659975290;Deodoro;REALENGO;5;134;33;134;Deodoro                   &area=134;Bangu;5.1;134;4640523,625272044911981;12077,663947797307628;4,640523625270000
485;298325,824707029969431;Lapa;CENTRO;1;161;2;161;Lapa                &area=161;Centro;1.1;161;298326,620332345017232;3849,181818235967057;0,298326620332000
510;104445147,687500000000000;Campo Grande;CAMPO GRANDE;5;144;18;144;Campo Grande                &area=144;Campo Grande;5.2;144;104445426,692943513393402;75083,751961629954167;104,445426693000002
511;35966196,700195305049419;Bangu;BANGU;5;141;17;141;Bangu                &area=141;Bangu;5.1;141;35966293,177628561854362;46529,035222409009293;35,966293177600001
512;2534304,168457029853016;Gericinó;BANGU;5;160;17;160;Gericinó                &area=160;Bangu;5.1;160;2534311,073943881317973;8828,555709288513754;2,534311073940000
513;327327,083007809997071;Jabour;BANGU;5;163;17;163;Jabour            &area=163;Bangu;5.1;163;327327,981015896715689;2235,748406808340405;0,327327981016000
890;1473737,295898440061137;Vila Kennedy;BANGU;5;162;17;162;Vila Kennedy                &area=162;Bangu;5.1;162;1473741,300992386415601;6789,609579404400392;1,473741300990000
894;7714616,095168439671397;Ilha de Guaratiba;GUARATIBA;5;164;26;164;Ilha de Guaratiba                 &area=164;Guaratiba;5.4;164;7714636,536108488216996;13955,136855725742862;7,714636536110000
