GmlID;ID;CODIGO;NOME;AREA_KM2;PERIMETR_M;Shape_Leng;Shape_Area
BAIRRO_POPULAR.1;1,000000000000000;600,000000000000000;Aarão Reis;0,353000000000000;3921,166000000000167;3921,165998819999913;-353153,115800999978092
BAIRRO_POPULAR.2;2,000000000000000;602,000000000000000;Alípio de Melo;1,181000000000000;5291,795000000000073;5291,794848149999780;-1180675,171270000049844
BAIRRO_POPULAR.3;3,000000000000000;603,000000000000000;Alto Caiçaras;1,064000000000000;4819,210000000000036;4819,210241890000361;-1064384,415719999931753
BAIRRO_POPULAR.4;4,000000000000000;604,000000000000000;Alto dos Pinheiros;0,410000000000000;3584,168000000000120;3584,167921780000142;-409862,582302999973763
BAIRRO_POPULAR.5;5,000000000000000;605,000000000000000;Álvaro Camargos;0,206000000000000;2187,302000000000135;2187,301424599999791;-206152,477958000003127
BAIRRO_POPULAR.6;6,000000000000000;607,000000000000000;Anchieta;0,696000000000000;3613,806999999999789;3613,806983829999808;-695772,559709999943152
BAIRRO_POPULAR.7;7,000000000000000;608,000000000000000;Aparecida;0,915000000000000;6816,109000000000378;6816,109435729999859;-915121,728554000030272
BAIRRO_POPULAR.8;8,000000000000000;609,000000000000000;Graça;0,425000000000000;2668,166999999999916;2668,167170759999863;-424910,930959000019357
BAIRRO_POPULAR.9;9,000000000000000;612,000000000000000;Baleia;3,621000000000000;11526,159999999999854;11526,160667100000865;-3621281,479549999814481
BAIRRO_POPULAR.10;10,000000000000000;615,000000000000000;Frei Leopoldo;0,248000000000000;2782,429999999999836;2782,430235480000192;-248099,210424999997485
BAIRRO_POPULAR.11;11,000000000000000;616,000000000000000;Barroca;0,240000000000000;1983,484999999999900;1983,485147339999912;-239874,749257999996189
BAIRRO_POPULAR.12;12,000000000000000;617,000000000000000;Barro Preto;1,159000000000000;4326,769000000000233;4326,768453239999872;-1159284,561449999921024
BAIRRO_POPULAR.13;13,000000000000000;618,000000000000000;Belvedere;2,921000000000000;15338,424000000000888;15338,423863699999856;-2921207,151819999795407
BAIRRO_POPULAR.14;14,000000000000000;619,000000000000000;Betânia;1,311000000000000;8511,817999999999302;8511,818561680000130;-1311045,407050000037998
BAIRRO_POPULAR.15;15,000000000000000;620,000000000000000;Boa Vista;1,252000000000000;6223,051000000000386;6223,051209709999966;-1251992,145130000077188
BAIRRO_POPULAR.16;16,000000000000000;621,000000000000000;Bom Jesus;0,275000000000000;2391,384000000000015;2391,383612000000085;-274702,441735000000335
BAIRRO_POPULAR.17;17,000000000000000;622,000000000000000;Bonfim;0,879000000000000;4387,474000000000160;4387,474189470000056;-879199,405046000028960
BAIRRO_POPULAR.18;18,000000000000000;623,000000000000000;Buritis;3,814000000000000;8487,952999999999520;8487,953072239999528;-3813638,208159999921918
BAIRRO_POPULAR.19;19,000000000000000;624,000000000000000;Cabana do Pai Tomás;0,503000000000000;6229,527000000000044;6229,526394579999760;-503379,789774000004400
BAIRRO_POPULAR.20;20,000000000000000;625,000000000000000;Cachoeirinha;1,300000000000000;8352,706000000000131;8352,705941079999320;-1300252,335050000110641
BAIRRO_POPULAR.21;21,000000000000000;626,000000000000000;Caetano Furquim;0,024000000000000;1228,535000000000082;1228,534756230000085;-23654,889283100001194
BAIRRO_POPULAR.22;22,000000000000000;627,000000000000000;Caiçara-Adelaide;0,779000000000000;5081,735999999999876;5081,735525699999926;-778571,130264000035822
BAIRRO_POPULAR.23;23,000000000000000;628,000000000000000;Caiçaras;2,246000000000000;8686,792999999999665;8686,792711019999842;-2246185,214649999979883
BAIRRO_POPULAR.24;24,000000000000000;629,000000000000000;Calafate;1,044000000000000;8503,090000000000146;8503,089342979999856;-1043699,124019999988377
BAIRRO_POPULAR.25;25,000000000000000;630,000000000000000;Califórnia;3,414000000000000;11149,924000000000888;11149,923599199999444;-3413957,181530000176281
BAIRRO_POPULAR.26;26,000000000000000;631,000000000000000;Camargos;1,853000000000000;7769,636000000000422;7769,636668809999719;-1852600,259739999892190
BAIRRO_POPULAR.27;27,000000000000000;632,000000000000000;Campo Alegre;0,217000000000000;1965,794000000000096;1965,794077969999989;-217015,087120999989565
BAIRRO_POPULAR.28;28,000000000000000;633,000000000000000;Campus UFMG;3,850000000000000;9534,573000000000320;9534,572675010000239;-3849787,276999999769032
BAIRRO_POPULAR.29;29,000000000000000;634,000000000000000;Canaã;0,480000000000000;4100,176999999999680;4100,177354649999870;-480216,077839999983553
BAIRRO_POPULAR.30;30,000000000000000;635,000000000000000;Cardoso;0,945000000000000;5158,166000000000167;5158,166127239999696;-944775,268096999963745
BAIRRO_POPULAR.31;31,000000000000000;636,000000000000000;Carlos Prates;1,769000000000000;8491,632999999999811;8491,633078069999101;-1768929,559820000082254
BAIRRO_POPULAR.32;32,000000000000000;637,000000000000000;Carmo;0,314000000000000;2404,385999999999967;2404,386538069999915;-314072,024078999995254
BAIRRO_POPULAR.33;33,000000000000000;638,000000000000000;Casa Branca;0,668000000000000;5122,542999999999665;5122,543477449999955;-668241,022317999973893
BAIRRO_POPULAR.34;34,000000000000000;639,000000000000000;Castelo;2,409000000000000;6788,662999999999556;6788,663466830000289;-2408770,604119999799877
BAIRRO_POPULAR.35;35,000000000000000;640,000000000000000;São José;0,308000000000000;3064,461999999999989;3064,461660330000086;-308285,498422999982722
BAIRRO_POPULAR.36;36,000000000000000;641,000000000000000;São Luíz;2,766000000000000;10804,076999999999316;10804,076716999999917;-2766473,152869999874383
BAIRRO_POPULAR.37;37,000000000000000;642,000000000000000;Centro;2,020000000000000;6328,769000000000233;6328,768757840000035;-2019666,241559999994934
BAIRRO_POPULAR.38;38,000000000000000;643,000000000000000;Céu Azul;2,748000000000000;9247,327999999999520;9247,328130940000847;-2747599,658780000172555
BAIRRO_POPULAR.39;39,000000000000000;644,000000000000000;Cidade Jardim;0,510000000000000;2882,057999999999993;2882,058006499999919;-510283,003436000028159
BAIRRO_POPULAR.40;40,000000000000000;645,000000000000000;Cidade Nova;0,913000000000000;3821,380000000000109;3821,379893490000086;-913297,636630999972112
BAIRRO_POPULAR.41;41,000000000000000;646,000000000000000;Colégio Batista;0,777000000000000;3855,568000000000211;3855,568408080000154;-777443,776840999955311
BAIRRO_POPULAR.42;42,000000000000000;647,000000000000000;Concórdia;0,915000000000000;5394,485999999999876;5394,485457499999939;-915252,475725000025705
BAIRRO_POPULAR.43;43,000000000000000;649,000000000000000;Conjunto Califórnia II;0,109000000000000;1359,109999999999900;1359,109636189999947;-108874,759466000003158
BAIRRO_POPULAR.44;44,000000000000000;650,000000000000000;Conjunto Celso Machado;0,331000000000000;2601,057999999999993;2601,057948719999786;-331146,777101000014227
BAIRRO_POPULAR.45;45,000000000000000;652,000000000000000;Braúnas;2,003000000000000;8304,615999999999985;8304,616544979999162;-2002974,071019999915734
BAIRRO_POPULAR.46;46,000000000000000;653,000000000000000;Jardim Atlântico;1,132000000000000;11551,620000000000800;11551,620148600000903;-1132187,308010000037029
BAIRRO_POPULAR.47;47,000000000000000;654,000000000000000;Coqueiros;0,677000000000000;3646,106999999999971;3646,107053260000157;-677254,063592000049539
BAIRRO_POPULAR.48;48,000000000000000;655,000000000000000;Coração de Jesus;0,284000000000000;2672,690999999999804;2672,691509820000192;-284007,525534000014886
BAIRRO_POPULAR.49;49,000000000000000;656,000000000000000;Coração Eucarístico;1,039000000000000;5589,752999999999702;5589,752778279999802;-1038893,095109999994747
BAIRRO_POPULAR.50;50,000000000000000;657,000000000000000;Cruzeiro;0,530000000000000;4132,059000000000196;4132,058882149999590;-530373,478303999989294
BAIRRO_POPULAR.51;51,000000000000000;658,000000000000000;Dom Bosco;1,118000000000000;5426,039999999999964;5426,039871750000202;-1118182,961649999953806
BAIRRO_POPULAR.52;52,000000000000000;659,000000000000000;Dom Cabral;0,538000000000000;4323,136000000000422;4323,135455679999723;-537701,158782999962568
BAIRRO_POPULAR.53;53,000000000000000;660,000000000000000;Dom Joaquim;0,450000000000000;3740,565000000000055;3740,564249479999944;-449674,576554999977816
BAIRRO_POPULAR.54;54,000000000000000;661,000000000000000;Dom Silvério;0,503000000000000;4535,930000000000291;4535,930395979999957;-502646,438920999993570
BAIRRO_POPULAR.55;55,000000000000000;662,000000000000000;Dona Clara;0,791000000000000;4458,764000000000124;4458,764083760000176;-791201,902747999993153
BAIRRO_POPULAR.56;56,000000000000000;664,000000000000000;Engenho Nogueira;1,991000000000000;8042,095999999999549;8042,096754559999681;-1991232,689869999885559
BAIRRO_POPULAR.57;57,000000000000000;665,000000000000000;Ermelinda;0,384000000000000;3218,518000000000029;3218,517736969999987;-383633,927426000009291
BAIRRO_POPULAR.58;58,000000000000000;666,000000000000000;Esplanada;0,825000000000000;3568,615999999999985;3568,615520679999918;-824841,843001000001095
BAIRRO_POPULAR.59;59,000000000000000;667,000000000000000;Estoril;1,703000000000000;6653,390999999999622;6653,390823710000404;-1703392,773300000000745
BAIRRO_POPULAR.60;60,000000000000000;669,000000000000000;Etelvina Carneiro;0,309000000000000;2673,182999999999993;2673,183143700000073;-309043,367683999997098
BAIRRO_POPULAR.61;61,000000000000000;670,000000000000000;Europa;0,944000000000000;4823,998999999999796;4823,999510270000428;-944487,264275999972597
BAIRRO_POPULAR.62;62,000000000000000;671,000000000000000;Eymard;0,594000000000000;4062,545000000000073;4062,545717989999957;-594040,955559000023641
BAIRRO_POPULAR.63;63,000000000000000;673,000000000000000;Vila CEMIG;0,295000000000000;3167,507000000000062;3167,507220609999877;-295216,662631999992300
BAIRRO_POPULAR.64;64,000000000000000;674,000000000000000;Sumaré;0,155000000000000;1743,867999999999938;1743,867565810000087;-154570,738817000004929
BAIRRO_POPULAR.65;65,000000000000000;675,000000000000000;Xodó-Marize;0,493000000000000;4154,871000000000095;4154,871033059999718;-493070,284969999978784
BAIRRO_POPULAR.66;66,000000000000000;677,000000000000000;Flávio Marques Lisboa;1,238000000000000;8372,415999999999258;8372,416177439999956;-1237965,418030000058934
BAIRRO_POPULAR.67;67,000000000000000;678,000000000000000;Floramar;1,055000000000000;4890,859999999999673;4890,859663350000119;-1055064,647060000104830
BAIRRO_POPULAR.68;68,000000000000000;679,000000000000000;Floresta;1,094000000000000;5973,451000000000022;5973,450858879999942;-1094286,825949999969453
BAIRRO_POPULAR.69;69,000000000000000;681,000000000000000;Funcionários;0,667000000000000;4212,479000000000269;4212,478921619999710;-667430,580701999948360
BAIRRO_POPULAR.70;70,000000000000000;682,000000000000000;Gameleira;1,017000000000000;5182,578999999999724;5182,578721640000367;-1017354,279770000022836
BAIRRO_POPULAR.71;71,000000000000000;684,000000000000000;Glória;1,654000000000000;7702,891999999999825;7702,891961629999969;-1654339,481750000035390
BAIRRO_POPULAR.72;72,000000000000000;686,000000000000000;Grajaú;0,426000000000000;3222,376000000000204;3222,375763030000144;-425641,003284999984317
BAIRRO_POPULAR.73;73,000000000000000;687,000000000000000;Guarani;0,730000000000000;5027,384000000000015;5027,384073440000066;-729598,827495999983512
BAIRRO_POPULAR.74;74,000000000000000;688,000000000000000;Juliana;0,896000000000000;6657,408999999999651;6657,408843440000055;-895870,374961999943480
BAIRRO_POPULAR.75;75,000000000000000;689,000000000000000;Gutierrez;1,246000000000000;6185,239999999999782;6185,240480170000410;-1245796,300070000113919
BAIRRO_POPULAR.76;76,000000000000000;690,000000000000000;Havaí;1,578000000000000;7668,818000000000211;7668,818694139999934;-1577861,608669999986887
BAIRRO_POPULAR.77;77,000000000000000;691,000000000000000;Heliópolis;0,658000000000000;3766,699999999999818;3766,700294279999980;-657887,175154000055045
BAIRRO_POPULAR.78;78,000000000000000;692,000000000000000;Horto;0,384000000000000;5687,530999999999949;5687,530404060000365;-383901,109151999989990
BAIRRO_POPULAR.79;79,000000000000000;693,000000000000000;Inconfidência;0,345000000000000;3270,005999999999858;3270,005684530000053;-345287,288995000009891
BAIRRO_POPULAR.80;80,000000000000000;694,000000000000000;Independência;0,791000000000000;8598,674000000000888;8598,673879030000535;-790989,690038000000641
BAIRRO_POPULAR.81;81,000000000000000;695,000000000000000;Monte Azul;0,588000000000000;4476,189999999999600;4476,190346370000043;-587850,165935000055470
BAIRRO_POPULAR.82;82,000000000000000;698,000000000000000;Ipiranga;0,893000000000000;4561,568000000000211;4561,568276060000244;-892715,610785000026226
BAIRRO_POPULAR.83;83,000000000000000;699,000000000000000;Itapoã;1,629000000000000;5299,770999999999731;5299,770968169999833;-1629093,470280000008643
BAIRRO_POPULAR.84;84,000000000000000;700,000000000000000;Jaqueline;2,954000000000000;10045,590000000000146;10045,590269899999839;-2954028,870130000170320
BAIRRO_POPULAR.85;85,000000000000000;701,000000000000000;Jaraguá;0,505000000000000;4084,139999999999873;4084,139534829999775;-504643,233820000023115
BAIRRO_POPULAR.86;86,000000000000000;702,000000000000000;Jardim América;0,928000000000000;8324,621999999999389;8324,622525740000128;-927838,923376000020653
BAIRRO_POPULAR.87;87,000000000000000;703,000000000000000;Jardim dos Comerciários;2,017000000000000;8952,926999999999680;8952,927485250000245;-2016692,989439999917522
BAIRRO_POPULAR.88;88,000000000000000;704,000000000000000;Jardim Montanhês;0,597000000000000;3613,505000000000109;3613,504866400000083;-596624,447195000015199
BAIRRO_POPULAR.89;89,000000000000000;705,000000000000000;Jardinópolis;0,454000000000000;5327,073000000000320;5327,073103939999783;-453712,033203999977559
BAIRRO_POPULAR.90;90,000000000000000;706,000000000000000;Jatobá;0,361000000000000;3486,483999999999924;3486,483866649999982;-360961,679346000018995
BAIRRO_POPULAR.91;91,000000000000000;707,000000000000000;João Pinheiro;0,853000000000000;4869,646999999999935;4869,646888530000069;-852898,035293000051752
BAIRRO_POPULAR.92;92,000000000000000;708,000000000000000;Lagoa;0,629000000000000;4260,252000000000407;4260,251828980000028;-629336,509909000014886
BAIRRO_POPULAR.93;93,000000000000000;709,000000000000000;Lagoinha Leblon;0,522000000000000;3482,518999999999778;3482,519159299999956;-522018,280620999983512
BAIRRO_POPULAR.94;94,000000000000000;710,000000000000000;Lagoinha;0,555000000000000;4603,016999999999825;4603,017247619999580;-555244,204370000050403
BAIRRO_POPULAR.95;95,000000000000000;712,000000000000000;Letícia;0,775000000000000;4236,818000000000211;4236,818228350000027;-774902,126564000034705
BAIRRO_POPULAR.96;96,000000000000000;713,000000000000000;Liberdade;0,457000000000000;3321,878000000000156;3321,877786170000036;-456741,306768000009470
BAIRRO_POPULAR.97;97,000000000000000;714,000000000000000;Lindéia;2,012000000000000;7847,484999999999673;7847,485529800000222;-2011959,567419999977574
BAIRRO_POPULAR.98;98,000000000000000;715,000000000000000;Lourdes;1,259000000000000;4969,385000000000218;4969,384870130000309;-1258563,338230000110343
BAIRRO_POPULAR.99;99,000000000000000;716,000000000000000;Luxemburgo;0,621000000000000;3849,737000000000080;3849,737711249999847;-620973,743187000043690
BAIRRO_POPULAR.100;100,000000000000000;717,000000000000000;Madre Gertrudes;0,536000000000000;7274,005000000000109;7274,005021259999921;-536404,106493999948725
BAIRRO_POPULAR.101;101,000000000000000;718,000000000000000;Mangabeiras;6,190000000000000;17900,731999999999971;17900,731276999998954;-6189556,155880000442266
BAIRRO_POPULAR.102;102,000000000000000;719,000000000000000;Mantiqueira;2,927000000000000;11034,299999999999272;11034,300661499999478;-2926869,578559999819845
BAIRRO_POPULAR.103;103,000000000000000;720,000000000000000;Marajó;0,271000000000000;2268,516999999999825;2268,517039519999798;-271430,825479999999516
BAIRRO_POPULAR.104;104,000000000000000;721,000000000000000;Maria Helena;0,734000000000000;4917,154000000000451;4917,154642100000274;-734345,388266999972984
BAIRRO_POPULAR.105;105,000000000000000;722,000000000000000;Milionários;1,317000000000000;6026,693000000000211;6026,693201750000298;-1317208,980849999934435
BAIRRO_POPULAR.106;106,000000000000000;723,000000000000000;Minas Brasil;0,326000000000000;3111,152000000000044;3111,152342899999894;-325888,697571999975480
BAIRRO_POPULAR.107;107,000000000000000;724,000000000000000;Minascaixa;0,975000000000000;4235,323000000000320;4235,322693480000453;-975240,381510999985039
BAIRRO_POPULAR.108;108,000000000000000;725,000000000000000;Minaslândia;0,792000000000000;4429,480999999999767;4429,481262109999989;-792031,389495000010356
BAIRRO_POPULAR.109;109,000000000000000;726,000000000000000;Monsenhor Messias;0,349000000000000;2902,440000000000055;2902,439583620000121;-349067,820400999975391
BAIRRO_POPULAR.110;110,000000000000000;728,000000000000000;Nova Cintra;0,727000000000000;5071,595999999999549;5071,595667200000207;-726702,911219000001438
BAIRRO_POPULAR.111;111,000000000000000;729,000000000000000;Nova Esperança;0,443000000000000;3116,619000000000142;3116,618772910000189;-443489,280519000021741
BAIRRO_POPULAR.112;112,000000000000000;730,000000000000000;Nova Floresta;0,427000000000000;2868,768000000000029;2868,768244689999847;-427284,112324999994598
BAIRRO_POPULAR.113;113,000000000000000;731,000000000000000;Nova Gameleira;1,169000000000000;9317,838999999999942;9317,839342690000194;-1168596,539799999911338
BAIRRO_POPULAR.114;114,000000000000000;732,000000000000000;Nova Granada;0,624000000000000;4527,027000000000044;4527,027085349999652;-624069,860498999943957
BAIRRO_POPULAR.115;115,000000000000000;733,000000000000000;Nova Pampulha;0,039000000000000;1052,983999999999924;1052,984109400000079;-38718,060711999998603
BAIRRO_POPULAR.116;116,000000000000000;734,000000000000000;Nova Suissa;1,252000000000000;4967,795000000000073;4967,795092499999555;-1251705,985829999903217
BAIRRO_POPULAR.117;117,000000000000000;735,000000000000000;Nova Vista;0,688000000000000;4470,752000000000407;4470,752269569999953;-688422,733700999990106
BAIRRO_POPULAR.118;118,000000000000000;736,000000000000000;Novo São Lucas;0,277000000000000;2637,873000000000047;2637,873294800000167;-276624,520498000027146
BAIRRO_POPULAR.119;119,000000000000000;737,000000000000000;Olhos d'Água;3,662000000000000;11053,899999999999636;11053,899211500000092;-3662448,338709999807179
BAIRRO_POPULAR.120;120,000000000000000;738,000000000000000;Ouro Preto;2,370000000000000;10000,759000000000015;10000,758937399999922;-2370403,996979999821633
BAIRRO_POPULAR.121;121,000000000000000;739,000000000000000;Padre Eustáquio;2,973000000000000;9754,394000000000233;9754,394355779999387;-2973253,929339999798685
BAIRRO_POPULAR.122;122,000000000000000;740,000000000000000;Palmares;0,697000000000000;4463,213999999999942;4463,214652560000104;-697250,353826000005938
BAIRRO_POPULAR.123;123,000000000000000;741,000000000000000;Palmeiras;1,446000000000000;6114,425000000000182;6114,425182449999738;-1446455,317939999978989
BAIRRO_POPULAR.124;124,000000000000000;742,000000000000000;Bandeirantes;4,777000000000000;13898,523999999999432;13898,523562700000184;-4776550,200989999808371
BAIRRO_POPULAR.125;125,000000000000000;743,000000000000000;Paquetá;1,456000000000000;8958,168999999999869;8958,168357309999919;-1455915,998429999919608
BAIRRO_POPULAR.126;126,000000000000000;744,000000000000000;Paraíso;1,340000000000000;6984,118000000000393;6984,117993849999948;-1340146,544250000035390
BAIRRO_POPULAR.127;127,000000000000000;746,000000000000000;Pedreira Prado Lopes;0,151000000000000;2041,709000000000060;2041,709340619999921;-150641,717344000004232
BAIRRO_POPULAR.128;128,000000000000000;748,000000000000000;Pindorama;1,611000000000000;6915,322000000000116;6915,322279859999981;-1610885,396119999932125
BAIRRO_POPULAR.129;129,000000000000000;749,000000000000000;Pirajá;0,252000000000000;2581,001000000000204;2581,001233359999787;-251525,842926999990596
BAIRRO_POPULAR.130;130,000000000000000;750,000000000000000;Planalto;2,515000000000000;9863,670000000000073;9863,670385150000584;-2515220,345819999929518
BAIRRO_POPULAR.131;131,000000000000000;751,000000000000000;Pompéia;0,591000000000000;5875,817000000000007;5875,816569339999660;-590624,973390999948606
BAIRRO_POPULAR.132;132,000000000000000;752,000000000000000;Prado;1,584000000000000;6559,774999999999636;6559,774824140000419;-1583962,195850000018254
BAIRRO_POPULAR.133;133,000000000000000;754,000000000000000;Primeiro de Maio;0,176000000000000;3281,793000000000120;3281,793321690000084;-176117,714639000012539
BAIRRO_POPULAR.134;134,000000000000000;756,000000000000000;Providência;0,712000000000000;6778,139000000000124;6778,138664709999830;-712086,212311999988742
BAIRRO_POPULAR.135;135,000000000000000;758,000000000000000;Renascença;0,860000000000000;4183,564000000000306;4183,564309909999793;-859724,187456000014208
BAIRRO_POPULAR.136;136,000000000000000;759,000000000000000;Ribeiro de Abreu;2,137000000000000;9625,756999999999607;9625,757156350000514;-2137073,128359999973327
BAIRRO_POPULAR.137;137,000000000000000;760,000000000000000;Sagrada Família;2,291000000000000;7026,298999999999978;7026,299180560000423;-2291070,271559999790043
BAIRRO_POPULAR.138;138,000000000000000;761,000000000000000;Salgado Filho;1,454000000000000;6705,805000000000291;6705,804842069999722;-1453831,888340000063181
BAIRRO_POPULAR.139;139,000000000000000;762,000000000000000;Santa Amélia;2,215000000000000;7046,068000000000211;7046,067974780000441;-2215250,564869999885559
BAIRRO_POPULAR.140;140,000000000000000;763,000000000000000;Santa Cruz;1,741000000000000;6823,375000000000000;6823,375197090000256;-1740668,518880000105128
BAIRRO_POPULAR.141;141,000000000000000;765,000000000000000;Santa Efigênia;2,148000000000000;7994,373999999999796;7994,374204189999546;-2147897,940489999949932
BAIRRO_POPULAR.142;142,000000000000000;766,000000000000000;Santa Helena;0,591000000000000;3377,954000000000178;3377,954332539999996;-591005,052753999945708
BAIRRO_POPULAR.143;143,000000000000000;767,000000000000000;Santa Inês;1,129000000000000;5035,896999999999935;5035,896905030000198;-1129244,809730000095442
BAIRRO_POPULAR.144;144,000000000000000;768,000000000000000;Santa Lúcia;2,100000000000000;9658,657999999999447;9658,658070920000682;-2100356,924720000009984
BAIRRO_POPULAR.145;145,000000000000000;769,000000000000000;Conjunto Santa Maria;0,081000000000000;1903,040999999999940;1903,041597319999937;-81288,888895199997933
BAIRRO_POPULAR.146;146,000000000000000;770,000000000000000;Santa Maria;0,730000000000000;3945,969000000000051;3945,969255789999806;-730040,112164000049233
BAIRRO_POPULAR.147;147,000000000000000;771,000000000000000;Maria Goretti;0,778000000000000;4030,204000000000178;4030,203969090000101;-778286,881502000032924
BAIRRO_POPULAR.148;148,000000000000000;772,000000000000000;Santa Mônica;2,192000000000000;8458,171000000000276;8458,170541199999207;-2192446,149980000220239
BAIRRO_POPULAR.149;149,000000000000000;773,000000000000000;Santa Rosa;0,688000000000000;3735,405000000000200;3735,405160620000061;-687794,259967999998480
BAIRRO_POPULAR.150;150,000000000000000;774,000000000000000;Santa Tereza;1,556000000000000;7751,698000000000320;7751,697885460000180;-1556241,833169999998063
BAIRRO_POPULAR.151;151,000000000000000;775,000000000000000;Santa Terezinha;1,476000000000000;5327,331000000000131;5327,330457289999686;-1475988,992480000015348
BAIRRO_POPULAR.152;152,000000000000000;776,000000000000000;Santo Agostinho;0,830000000000000;3904,668999999999869;3904,669210749999820;-830228,758342999964952
BAIRRO_POPULAR.153;153,000000000000000;777,000000000000000;Santo André;0,608000000000000;5107,520000000000437;5107,520737460000419;-607715,013602999970317
BAIRRO_POPULAR.154;154,000000000000000;778,000000000000000;Santo Antônio;1,307000000000000;5515,386000000000422;5515,385823749999872;-1307066,070929999928921
BAIRRO_POPULAR.155;155,000000000000000;779,000000000000000;São Bento;0,980000000000000;6156,381999999999607;6156,382191450000391;-979989,455374000011943
BAIRRO_POPULAR.156;156,000000000000000;780,000000000000000;São Bernardo;0,944000000000000;6468,815999999999804;6468,815608810000413;-944046,800439000013284
BAIRRO_POPULAR.157;157,000000000000000;781,000000000000000;São Cristóvão;0,316000000000000;3158,059999999999945;3158,060077770000134;-316230,925485000014305
BAIRRO_POPULAR.158;158,000000000000000;782,000000000000000;São Francisco;1,430000000000000;8342,211999999999534;8342,211541189999480;-1429654,224020000081509
BAIRRO_POPULAR.159;159,000000000000000;783,000000000000000;São Gabriel;1,997000000000000;9121,871999999999389;9121,872422300000835;-1997080,427889999933541
BAIRRO_POPULAR.160;160,000000000000000;784,000000000000000;São Geraldo;1,325000000000000;6124,882999999999811;6124,882432110000082;-1324551,079690000042319
BAIRRO_POPULAR.161;161,000000000000000;785,000000000000000;São João Batista;1,852000000000000;10906,227999999999156;10906,228213599999435;-1851864,748279999941587
BAIRRO_POPULAR.162;162,000000000000000;786,000000000000000;Vila São João Batista;0,087000000000000;2551,699999999999818;2551,700339980000081;-86640,410484299995005
BAIRRO_POPULAR.163;163,000000000000000;787,000000000000000;Jardim São José;0,791000000000000;4283,725999999999658;4283,726332240000374;-791379,642494000028819
BAIRRO_POPULAR.164;164,000000000000000;788,000000000000000;São Lucas;0,289000000000000;3322,920000000000073;3322,919710409999880;-289404,884697999979835
BAIRRO_POPULAR.165;165,000000000000000;789,000000000000000;São Marcos;0,584000000000000;3350,943000000000211;3350,943554389999917;-583543,149005000013858
BAIRRO_POPULAR.166;166,000000000000000;790,000000000000000;Piratininga;1,701000000000000;8542,799999999999272;8542,800147570000263;-1700529,893979999935254
BAIRRO_POPULAR.167;167,000000000000000;791,000000000000000;São Paulo;0,497000000000000;5218,259000000000015;5218,259146579999651;-497082,344502000021748
BAIRRO_POPULAR.168;168,000000000000000;792,000000000000000;São Pedro;0,582000000000000;4749,573999999999614;4749,574356479999551;-582371,798211000044830
BAIRRO_POPULAR.169;169,000000000000000;793,000000000000000;São Salvador;0,592000000000000;3307,460999999999785;3307,461526699999922;-591822,807803999981843
BAIRRO_POPULAR.170;170,000000000000000;794,000000000000000;São Tomáz;0,185000000000000;4210,180999999999585;4210,181622690000040;-184629,790588000003481
BAIRRO_POPULAR.171;171,000000000000000;796,000000000000000;Saudade;0,596000000000000;3529,559000000000196;3529,558605560000160;-595720,521484000026248
BAIRRO_POPULAR.172;172,000000000000000;797,000000000000000;Serra;1,530000000000000;6267,537999999999556;6267,537543980000009;-1530250,777710000053048
BAIRRO_POPULAR.173;173,000000000000000;798,000000000000000;Serrano;1,081000000000000;8268,152000000000044;8268,152484300000651;-1081258,749150000046939
BAIRRO_POPULAR.174;174,000000000000000;799,000000000000000;Serra Verde;4,039000000000000;10123,782999999999447;10123,783063799999582;-4038923,000849999953061
BAIRRO_POPULAR.175;175,000000000000000;800,000000000000000;Vila SESC;0,020000000000000;979,230999999999995;979,230827569999974;-20158,793222600001172
BAIRRO_POPULAR.176;176,000000000000000;801,000000000000000;Sion;1,197000000000000;6175,157000000000153;6175,157717260000027;-1196997,174170000012964
BAIRRO_POPULAR.177;177,000000000000000;802,000000000000000;Solimões;0,287000000000000;2401,306000000000040;2401,306117189999895;-287447,900421999976970
BAIRRO_POPULAR.178;178,000000000000000;803,000000000000000;Taquaril;0,421000000000000;3071,106999999999971;3071,106726080000044;-421491,292745999991894
BAIRRO_POPULAR.179;179,000000000000000;804,000000000000000;Teixeira Dias;0,733000000000000;4171,622999999999593;4171,623381000000336;-733181,413953999988735
BAIRRO_POPULAR.180;180,000000000000000;805,000000000000000;Tirol;1,755000000000000;8116,944999999999709;8116,944819860000280;-1755339,697690000059083
BAIRRO_POPULAR.181;181,000000000000000;806,000000000000000;Tupi A;0,912000000000000;4035,175999999999931;4035,175701120000213;-911831,174644000013359
BAIRRO_POPULAR.182;182,000000000000000;807,000000000000000;Garças;1,250000000000000;6857,036000000000058;6857,035397550000198;-1249589,600829999893904
BAIRRO_POPULAR.183;183,000000000000000;808,000000000000000;União;1,541000000000000;6857,230999999999767;6857,230589820000205;-1540838,925779999932274
BAIRRO_POPULAR.184;184,000000000000000;809,000000000000000;Universitário;0,499000000000000;3836,434999999999945;3836,435143510000216;-498770,696265999984462
BAIRRO_POPULAR.185;185,000000000000000;810,000000000000000;Venda Nova;0,768000000000000;5931,966000000000349;5931,965641339999820;-767756,233398000011221
BAIRRO_POPULAR.186;186,000000000000000;811,000000000000000;Vera Cruz;0,448000000000000;4258,225000000000364;4258,224328549999882;-448136,340867999999318
BAIRRO_POPULAR.187;187,000000000000000;812,000000000000000;Goiânia;1,952000000000000;8630,911000000000058;8630,911268980000386;-1952051,430470000021160
BAIRRO_POPULAR.188;188,000000000000000;813,000000000000000;Vila Clóris;0,875000000000000;4979,326000000000022;4979,326182019999578;-874823,723241999978200
BAIRRO_POPULAR.189;189,000000000000000;814,000000000000000;Vila Oeste;0,048000000000000;1543,438000000000102;1543,438025339999967;-47813,205195399998047
BAIRRO_POPULAR.190;190,000000000000000;815,000000000000000;Vila Paris;0,299000000000000;2980,052999999999884;2980,053554030000214;-298964,135973999975249
BAIRRO_POPULAR.191;191,000000000000000;816,000000000000000;Maria Virgínia;0,575000000000000;5975,106999999999971;5975,106994750000013;-574947,473806999973021
BAIRRO_POPULAR.192;192,000000000000000;817,000000000000000;Virgínia;0,057000000000000;1680,484999999999900;1680,485093559999996;-56796,922432100000151
BAIRRO_POPULAR.193;193,000000000000000;818,000000000000000;Rio Branco;1,339000000000000;6645,243999999999687;6645,243277839999791;-1338532,514190000016242
BAIRRO_POPULAR.194;194,000000000000000;819,000000000000000;Vista Alegre;0,459000000000000;3986,838000000000193;3986,838278929999888;-459316,412102999980561
BAIRRO_POPULAR.195;195,000000000000000;820,000000000000000;Xangri-lá;0,526000000000000;3713,554000000000087;3713,553934309999931;-525681,402450999943540
BAIRRO_POPULAR.196;196,000000000000000;821,000000000000000;Aparecida Sétima Seção;0,489000000000000;3773,221000000000004;3773,220837339999889;-489447,168094999971800
BAIRRO_POPULAR.197;197,000000000000000;822,000000000000000;Alto Barroca;0,315000000000000;2243,650999999999840;2243,651328580000154;-315040,595665999979246
BAIRRO_POPULAR.198;198,000000000000000;823,000000000000000;Pongelupe;0,239000000000000;2303,619000000000142;2303,618652300000122;-238764,088275999994949
BAIRRO_POPULAR.199;199,000000000000000;824,000000000000000;Nova Cachoeirinha;0,550000000000000;5645,208999999999833;5645,208556909999970;-549610,738598000025377
BAIRRO_POPULAR.200;200,000000000000000;827,000000000000000;Trevo;1,644000000000000;10267,845999999999549;10267,845780699999523;-1644049,587109999964014
BAIRRO_POPULAR.201;201,000000000000000;828,000000000000000;Copacabana;1,442000000000000;7098,065999999999804;7098,066108899999563;-1441943,062570000067353
BAIRRO_POPULAR.202;202,000000000000000;829,000000000000000;Santa Branca;0,867000000000000;4529,301000000000386;4529,301000149999709;-867032,758400000049733
BAIRRO_POPULAR.203;203,000000000000000;830,000000000000000;Aeroporto;2,330000000000000;9981,751000000000204;9981,751268359999813;-2330306,725980000104755
BAIRRO_POPULAR.204;204,000000000000000;831,000000000000000;Jardim Vitória;5,419000000000000;17493,616000000001804;17493,617080399999395;-5418646,714499999769032
BAIRRO_POPULAR.205;205,000000000000000;832,000000000000000;Vale do Jatobá;0,642000000000000;3934,947000000000116;3934,947412949999944;-642147,113017000025138
BAIRRO_POPULAR.206;206,000000000000000;833,000000000000000;Olaria;0,629000000000000;4456,865999999999985;4456,866717849999986;-629447,173504999955185
BAIRRO_POPULAR.207;207,000000000000000;834,000000000000000;Jardim Felicidade;0,810000000000000;4486,150999999999840;4486,150891930000398;-809849,498213000013493
BAIRRO_POPULAR.208;208,000000000000000;835,000000000000000;Confisco;0,276000000000000;2293,706000000000131;2293,706311930000084;-275840,060277000011411
BAIRRO_POPULAR.209;209,000000000000000;905,000000000000000;Paulo VI;1,285000000000000;5803,533999999999651;5803,534224500000164;-1285146,569579999893904
BAIRRO_POPULAR.210;210,000000000000000;906,000000000000000;Capitão Eduardo;3,412000000000000;17622,437000000001717;17622,437136900000041;-3412376,780989999882877
BAIRRO_POPULAR.211;211,000000000000000;907,000000000000000;Suzana;0,451000000000000;3731,076000000000022;3731,076200410000183;-451383,651362999982666
BAIRRO_POPULAR.212;212,000000000000000;926,000000000000000;Fernão Dias;0,505000000000000;3182,780000000000200;3182,780525680000210;-505005,636375000001863
BAIRRO_POPULAR.213;213,000000000000000;967,000000000000000;Nova América;0,007000000000000;602,717999999999961;602,718426991999991;-7474,324678400000266
BAIRRO_POPULAR.214;214,000000000000000;1006,000000000000000;Monte São José;0,035000000000000;944,893000000000029;944,892701076999970;-35349,503097699998762
BAIRRO_POPULAR.215;215,000000000000000;1043,000000000000000;Ipê;0,488000000000000;3710,487999999999829;3710,488030779999917;-487937,322110000008252
BAIRRO_POPULAR.216;216,000000000000000;1065,000000000000000;Jardim Guanabara;1,151000000000000;4949,744999999999891;4949,745203860000402;-1150888,041010000044480
BAIRRO_POPULAR.217;217,000000000000000;1133,000000000000000;Savassi;1,186000000000000;4647,733000000000175;4647,732816339999772;-1185969,484189999988303
BAIRRO_POPULAR.218;218,000000000000000;1138,000000000000000;Bairro Novo das Indústrias;0,753000000000000;6642,917999999999665;6642,917671940000218;-753234,755286999978125
BAIRRO_POPULAR.219;219,000000000000000;1139,000000000000000;Conjunto Bonsucesso;0,047000000000000;1091,106999999999971;1091,106661260000010;-46659,475321799996891
BAIRRO_POPULAR.220;220,000000000000000;1140,000000000000000;Bonsucesso;2,819000000000000;16681,294999999998254;16681,295900699999038;-2818829,248089999891818
BAIRRO_POPULAR.221;221,000000000000000;1141,000000000000000;Araguaia;1,343000000000000;5733,429000000000087;5733,428994300000340;-1343019,438330000033602
BAIRRO_POPULAR.222;222,000000000000000;1142,000000000000000;Parque São José;0,339000000000000;3014,170000000000073;3014,169546499999797;-338591,161489000020083
BAIRRO_POPULAR.223;223,000000000000000;1143,000000000000000;Flávio de Oliveira;0,110000000000000;1733,755000000000109;1733,755089349999935;-109809,887598000001162
BAIRRO_POPULAR.224;224,000000000000000;1144,000000000000000;Santa Margarida;0,254000000000000;3264,025999999999840;3264,025722310000219;-253877,334048999997322
BAIRRO_POPULAR.225;225,000000000000000;1145,000000000000000;Átila de Paiva;0,130000000000000;1403,666999999999916;1403,666791269999976;-129590,107111000004807
BAIRRO_POPULAR.226;226,000000000000000;1146,000000000000000;João Paulo II;0,165000000000000;2072,871999999999844;2072,872078389999842;-164713,590212000010069
BAIRRO_POPULAR.227;227,000000000000000;1147,000000000000000;Ademar Maldonado;0,164000000000000;1928,615999999999985;1928,615572429999929;-163836,421707000001334
BAIRRO_POPULAR.228;228,000000000000000;1148,000000000000000;Diamante;1,833000000000000;9868,308000000000902;9868,308278919999793;-1833173,781209999928251
BAIRRO_POPULAR.229;229,000000000000000;1149,000000000000000;Miramar;0,639000000000000;3795,498000000000047;3795,498055789999853;-639170,405518000014126
BAIRRO_POPULAR.230;230,000000000000000;1150,000000000000000;Brasil Industrial;0,625000000000000;3406,266999999999825;3406,267327380000097;-625478,050623000017367
BAIRRO_POPULAR.231;231,000000000000000;1153,000000000000000;Vila Pinho;0,358000000000000;3570,217000000000098;3570,216721119999875;-357668,865052999986801
BAIRRO_POPULAR.232;232,000000000000000;1154,000000000000000;Castanheira;0,397000000000000;3251,398000000000138;3251,397814349999862;-397233,718775000015739
BAIRRO_POPULAR.233;233,000000000000000;1155,000000000000000;Túnel de Ibirité;0,194000000000000;2045,929000000000087;2045,929335049999963;-194368,864994000003207
BAIRRO_POPULAR.234;234,000000000000000;1156,000000000000000;Boa Viagem;0,235000000000000;2079,009000000000015;2079,009292220000134;-235298,056646999990335
BAIRRO_POPULAR.235;235,000000000000000;1157,000000000000000;Itaipu;0,680000000000000;4561,283999999999651;4561,283764480000173;-679997,974921999964863
BAIRRO_POPULAR.236;236,000000000000000;1158,000000000000000;Marilândia;0,157000000000000;2403,070000000000164;2403,070016780000060;-157301,197299999999814
BAIRRO_POPULAR.237;237,000000000000000;1159,000000000000000;Santa Cecília;0,347000000000000;3181,195999999999913;3181,195922660000178;-346762,064427000004798
BAIRRO_POPULAR.238;238,000000000000000;1160,000000000000000;Conjunto Jatobá;0,141000000000000;2240,068999999999960;2240,068608409999797;-140656,855341999995289
BAIRRO_POPULAR.239;239,000000000000000;1161,000000000000000;Cinquentenário;0,694000000000000;5050,528000000000247;5050,528318900000158;-694085,601303000003099
BAIRRO_POPULAR.240;240,000000000000000;1162,000000000000000;Ernesto do Nascimento;0,181000000000000;1881,086999999999989;1881,086515830000053;-181277,401967999991030
BAIRRO_POPULAR.241;241,000000000000000;1163,000000000000000;Santa Rita;0,122000000000000;1877,520999999999958;1877,520693610000080;-121967,192859000002500
BAIRRO_POPULAR.242;242,000000000000000;1164,000000000000000;Mangueiras;0,375000000000000;3271,536000000000058;3271,536514259999876;-374933,876970999990590
BAIRRO_POPULAR.243;243,000000000000000;1165,000000000000000;Petrópolis;0,298000000000000;2887,929999999999836;2887,929706330000045;-298215,341816000000108
BAIRRO_POPULAR.244;244,000000000000000;1166,000000000000000;Mineirão;0,394000000000000;2793,619000000000142;2793,619603319999896;-393857,083686999976635
BAIRRO_POPULAR.245;245,000000000000000;1167,000000000000000;Solar do Barreiro;0,749000000000000;6276,212999999999738;6276,212272959999609;-748883,157015000004321
BAIRRO_POPULAR.246;246,000000000000000;1168,000000000000000;Pilar;1,091000000000000;7123,536000000000058;7123,536101960000451;-1090647,817849999992177
BAIRRO_POPULAR.247;247,000000000000000;1170,000000000000000;Novo Aarão Reis;0,552000000000000;4877,096999999999753;4877,096956420000424;-551863,903297999990173
BAIRRO_POPULAR.248;248,000000000000000;1171,000000000000000;Distrito Industrial do Jatobá;0,908000000000000;5473,478000000000065;5473,478300320000017;-907867,995257999980822
BAIRRO_POPULAR.249;249,000000000000000;1172,000000000000000;Jardim Alvorada;0,883000000000000;7001,280999999999949;7001,281045099999574;-883455,908563000033610
BAIRRO_POPULAR.250;250,000000000000000;1173,000000000000000;Pousada Santo Antônio;0,394000000000000;3008,335999999999785;3008,335695279999982;-393501,587095999973826
BAIRRO_POPULAR.251;251,000000000000000;1176,000000000000000;Granja Werneck;9,210000000000001;20855,655999999999040;20855,655857500001730;-9210242,287489999085665
BAIRRO_POPULAR.252;252,000000000000000;1202,000000000000000;Vista do Sol;0,317000000000000;3205,038000000000011;3205,038093319999916;-317459,221421999973245
BAIRRO_POPULAR.253;253,000000000000000;1238,000000000000000;Ouro Minas;0,525000000000000;4294,153000000000247;4294,152523619999556;-525053,326666999957524
BAIRRO_POPULAR.254;254,000000000000000;1239,000000000000000;Belmonte;0,483000000000000;3528,516999999999825;3528,516768380000030;-482526,191515000013169
BAIRRO_POPULAR.255;255,000000000000000;1240,000000000000000;Nazaré;0,784000000000000;5142,304000000000087;5142,304149659999894;-784073,163473999942653
BAIRRO_POPULAR.256;256,000000000000000;1241,000000000000000;Beija Flor;0,927000000000000;4891,525999999999840;4891,526042489999782;-927073,547178999986500
BAIRRO_POPULAR.257;257,000000000000000;1245,000000000000000;Granja de Freitas;0,862000000000000;4988,394000000000233;4988,394202679999580;-861995,055484000011347
BAIRRO_POPULAR.258;258,000000000000000;1246,000000000000000;Alto Vera Cruz;0,874000000000000;4124,664999999999964;4124,665335480000067;-874075,560882000019774
BAIRRO_POPULAR.259;259,000000000000000;1247,000000000000000;Tupi B;1,307000000000000;7031,395999999999731;7031,395841929999733;-1306851,991589999990538
BAIRRO_POPULAR.260;260,000000000000000;1251,000000000000000;Vila Ecológica;0,237000000000000;2864,398999999999887;2864,398850560000028;-237428,174641999998130
BAIRRO_POPULAR.261;261,000000000000000;1252,000000000000000;Vitória da Conquista;0,095000000000000;1374,351000000000113;1374,351010480000014;-95030,396380100006354
BAIRRO_POPULAR.262;262,000000000000000;1253,000000000000000;Silveira;0,344000000000000;3500,260000000000218;3500,260049259999960;-344263,684477999981027
BAIRRO_POPULAR.263;263,000000000000000;1254,000000000000000;Vila Formosa;0,044000000000000;1170,633000000000038;1170,633338789999925;-43600,622523300000466
BAIRRO_POPULAR.264;264,000000000000000;1257,000000000000000;Corumbiara;0,054000000000000;1248,715999999999894;1248,715803800000003;-54352,508093600001303
BAIRRO_POPULAR.265;265,000000000000000;1258,000000000000000;Jonas Veiga;0,524000000000000;4476,510000000000218;4476,509997400000429;-524005,359681000001729
BAIRRO_POPULAR.266;266,000000000000000;1261,000000000000000;Indaiá;0,435000000000000;3346,744999999999891;3346,744681659999969;-435364,052056999993511
BAIRRO_POPULAR.267;267,000000000000000;1267,000000000000000;Acaiaca;0,382000000000000;2870,902000000000044;2870,902312509999774;-381574,493835999979638
BAIRRO_POPULAR.268;268,000000000000000;1270,000000000000000;Águas Claras;0,146000000000000;1864,647999999999911;1864,647940410000047;-145948,489986000000499
BAIRRO_POPULAR.269;269,000000000000000;1271,000000000000000;Alpes;0,212000000000000;3618,369999999999891;3618,370392549999906;-212101,322061999992002
BAIRRO_POPULAR.270;270,000000000000000;1272,000000000000000;Alta Tensão I;0,079000000000000;2080,539999999999964;2080,540165230000184;-78824,146296899998561
BAIRRO_POPULAR.274;274,000000000000000;1276,000000000000000;Apolônia;0,204000000000000;3827,025999999999840;3827,025972259999890;-204013,620147999987239
BAIRRO_POPULAR.275;275,000000000000000;1278,000000000000000;Bacurau;0,004000000000000;320,636000000000024;320,635778712999979;-4134,292088660000445
BAIRRO_POPULAR.276;276,000000000000000;1279,000000000000000;Bairro das Indústrias II;0,196000000000000;2343,369999999999891;2343,370186409999860;-195805,859159999992698
BAIRRO_POPULAR.277;277,000000000000000;1280,000000000000000;Barão Homem de Melo IV;0,050000000000000;2182,847000000000207;2182,846788480000214;-49605,076032500001020
BAIRRO_POPULAR.278;278,000000000000000;1281,000000000000000;Barão Homem de Melo III;0,007000000000000;348,620000000000005;348,620104667000021;-6524,777932040000451
BAIRRO_POPULAR.279;279,000000000000000;1282,000000000000000;Barão Homem de Melo I;0,005000000000000;288,670000000000016;288,669656329000020;-4835,482775380000021
BAIRRO_POPULAR.282;282,000000000000000;1285,000000000000000;Vila Batik;0,012000000000000;736,826000000000022;736,826309601000048;-12035,941599899999346
BAIRRO_POPULAR.283;283,000000000000000;1286,000000000000000;Beira-Linha;0,229000000000000;6536,101999999999862;6536,101650610000434;-229022,540382000006502
BAIRRO_POPULAR.284;284,000000000000000;1287,000000000000000;Bela Vitória;0,069000000000000;1454,425999999999931;1454,426077679999935;-68845,405078399999184
BAIRRO_POPULAR.286;286,000000000000000;1289,000000000000000;Bernadete;0,082000000000000;2109,918999999999869;2109,919549390000157;-82260,419886000003316
BAIRRO_POPULAR.287;287,000000000000000;1290,000000000000000;Biquinhas;0,062000000000000;2567,443000000000211;2567,442618669999774;-61822,494440299997223
BAIRRO_POPULAR.288;288,000000000000000;1291,000000000000000;Bispo de Maura;0,017000000000000;673,644000000000005;673,644281591999970;-16664,361508099998900
BAIRRO_POPULAR.289;289,000000000000000;1292,000000000000000;Boa União II;0,018000000000000;1146,200000000000045;1146,199812659999907;-18463,454059399999096
BAIRRO_POPULAR.290;290,000000000000000;1293,000000000000000;Boa União I;0,007000000000000;500,444999999999993;500,445481959999995;-6937,229445910000322
BAIRRO_POPULAR.291;291,000000000000000;1294,000000000000000;Vila Dias;0,029000000000000;1488,679000000000087;1488,678908450000108;-29343,893178300000727
BAIRRO_POPULAR.295;295,000000000000000;1298,000000000000000;Canadá;0,092000000000000;1337,022999999999911;1337,023135930000080;-91970,693214099999750
BAIRRO_POPULAR.296;296,000000000000000;1299,000000000000000;Candelária;1,019000000000000;4586,646999999999935;4586,646518620000279;-1018847,007340000011027
BAIRRO_POPULAR.299;299,000000000000000;1303,000000000000000;Cenáculo;0,327000000000000;2429,510999999999967;2429,510996880000221;-327197,060200000007171
BAIRRO_POPULAR.300;300,000000000000000;1304,000000000000000;Chácara Leonina;0,024000000000000;957,979000000000042;957,978439446000039;-24480,444749999998749
BAIRRO_POPULAR.302;302,000000000000000;1306,000000000000000;Comiteco;0,766000000000000;4826,068000000000211;4826,068021719999706;-765879,431260999990627
BAIRRO_POPULAR.303;303,000000000000000;1307,000000000000000;Cônego Pinheiro;0,015000000000000;628,474000000000046;628,473679686999958;-14714,135146299999178
BAIRRO_POPULAR.304;304,000000000000000;1308,000000000000000;Cônego Pinheiro A;0,008000000000000;388,456999999999994;388,456588957000008;-7858,094230919999973
BAIRRO_POPULAR.305;305,000000000000000;1309,000000000000000;Conjunto Floramar;0,024000000000000;643,092999999999961;643,092980188999945;-23711,523083399999450
BAIRRO_POPULAR.306;306,000000000000000;1310,000000000000000;Conjunto Jardim Filadélfia;0,105000000000000;1684,583000000000084;1684,583070110000108;-105450,786621999999625
BAIRRO_POPULAR.307;307,000000000000000;1311,000000000000000;Conjunto Lagoa;0,073000000000000;1111,999000000000024;1111,998973219999925;-72802,528870299996925
BAIRRO_POPULAR.308;308,000000000000000;1312,000000000000000;Conjunto Minascaixa;0,210000000000000;2373,123999999999796;2373,123690869999791;-209768,587238000007346
BAIRRO_POPULAR.309;309,000000000000000;1313,000000000000000;Conjunto Paulo VI;0,214000000000000;2415,847999999999956;2415,847753229999853;-214461,742437000008067
BAIRRO_POPULAR.310;310,000000000000000;1314,000000000000000;Conjunto Providência;0,014000000000000;612,539999999999964;612,539640236999958;-13720,950679999999920
BAIRRO_POPULAR.311;311,000000000000000;1315,000000000000000;Conjunto São Francisco de Assis;0,014000000000000;489,168999999999983;489,168394255999999;-14037,531512300000031
BAIRRO_POPULAR.312;312,000000000000000;1316,000000000000000;Conjunto Serra Verde;0,015000000000000;571,611999999999966;571,612413528000047;-14996,039398599999913
BAIRRO_POPULAR.313;313,000000000000000;1317,000000000000000;Conjunto Taquaril;1,096000000000000;5924,658999999999651;5924,659311340000386;-1096308,375010000076145
BAIRRO_POPULAR.314;314,000000000000000;1318,000000000000000;Custodinha;0,009000000000000;516,942999999999984;516,942902638999954;-8825,382684219999646
BAIRRO_POPULAR.315;315,000000000000000;1319,000000000000000;Delta;0,045000000000000;1088,148999999999887;1088,149032589999933;-45361,091565399998217
BAIRRO_POPULAR.316;316,000000000000000;1320,000000000000000;Vila Madre Gertrudes II;0,010000000000000;578,524999999999977;578,524512121000043;-9999,194220609999320
BAIRRO_POPULAR.317;317,000000000000000;1321,000000000000000;Esperança;0,083000000000000;1441,219000000000051;1441,219503979999899;-82812,800324800002272
BAIRRO_POPULAR.318;318,000000000000000;1322,000000000000000;Vila Esplanada;0,035000000000000;1409,892000000000053;1409,891964709999911;-34863,752424199999950
BAIRRO_POPULAR.319;319,000000000000000;1323,000000000000000;Estrela;0,074000000000000;1992,205999999999904;1992,206532189999962;-73805,282028500005254
BAIRRO_POPULAR.320;320,000000000000000;1324,000000000000000;Estrela do Oriente;1,013000000000000;4694,253999999999905;4694,254112859999623;-1012719,276640000054613
BAIRRO_POPULAR.321;321,000000000000000;1325,000000000000000;Fazendinha;0,208000000000000;2080,132000000000062;2080,132049069999994;-208499,335377000010340
BAIRRO_POPULAR.322;322,000000000000000;1326,000000000000000;Flamengo;0,013000000000000;728,971999999999980;728,972377208000012;-13193,292149099999733
BAIRRO_POPULAR.323;323,000000000000000;1327,000000000000000;Grota;0,007000000000000;353,721999999999980;353,722083703000010;-6832,811169599999630
BAIRRO_POPULAR.324;324,000000000000000;1328,000000000000000;Grotinha;0,013000000000000;654,677999999999997;654,677952334999986;-13458,959140200000547
BAIRRO_POPULAR.325;325,000000000000000;1329,000000000000000;Guanabara;0,002000000000000;185,627999999999986;185,627836088000009;-1724,843457899999976
BAIRRO_POPULAR.326;326,000000000000000;1330,000000000000000;Guaratã;0,100000000000000;2884,927999999999884;2884,928273150000223;-99968,390004200002295
BAIRRO_POPULAR.327;327,000000000000000;1331,000000000000000;Horto Florestal;2,040000000000000;8502,875000000000000;8502,874497680000786;-2039762,738409999990836
BAIRRO_POPULAR.328;328,000000000000000;1332,000000000000000;Imbaúbas;0,048000000000000;1191,915999999999940;1191,916335200000049;-48084,667216499998176
BAIRRO_POPULAR.329;329,000000000000000;1333,000000000000000;Itatiaia;0,193000000000000;1997,998000000000047;1997,998413880000044;-193066,433063000004040
BAIRRO_POPULAR.330;330,000000000000000;1334,000000000000000;Jardim do Vale;0,045000000000000;1141,384999999999991;1141,385321989999966;-45330,574179600000207
BAIRRO_POPULAR.331;331,000000000000000;1336,000000000000000;João Alfredo;0,018000000000000;881,097999999999956;881,097256992999974;-18305,684200100000453
BAIRRO_POPULAR.332;332,000000000000000;1337,000000000000000;Lajedo;0,515000000000000;4153,011999999999716;4153,011676260000058;-514696,697219999972731
BAIRRO_POPULAR.334;334,000000000000000;1339,000000000000000;Leonina;0,172000000000000;2234,067000000000007;2234,066659090000030;-172476,049793999991380
BAIRRO_POPULAR.335;335,000000000000000;1340,000000000000000;Lorena;0,003000000000000;285,199999999999989;285,199896263000028;-3483,834617609999896
BAIRRO_POPULAR.336;336,000000000000000;1341,000000000000000;Madri;0,147000000000000;1735,012999999999920;1735,013246320000007;-147425,298561000003247
BAIRRO_POPULAR.337;337,000000000000000;1343,000000000000000;Manacás;0,732000000000000;3418,617000000000189;3418,616881139999805;-731553,339728999999352
BAIRRO_POPULAR.338;338,000000000000000;1345,000000000000000;Vila Madre Gertrudes V;0,020000000000000;792,703999999999951;792,704113871999994;-20085,070665100000042
BAIRRO_POPULAR.339;339,000000000000000;1346,000000000000000;Maravilha;0,004000000000000;420,846000000000004;420,846367557000008;-3871,305354109999826
BAIRRO_POPULAR.341;341,000000000000000;1348,000000000000000;Marçola;0,248000000000000;3559,478999999999814;3559,478647299999921;-248366,069045000011101
BAIRRO_POPULAR.342;342,000000000000000;1349,000000000000000;Maria Teresa;0,893000000000000;6930,260000000000218;6930,259708790000332;-893379,790491000050679
BAIRRO_POPULAR.343;343,000000000000000;1350,000000000000000;Mariano de Abreu;0,171000000000000;2137,355000000000018;2137,355123100000128;-170995,683794999989914
BAIRRO_POPULAR.344;344,000000000000000;1351,000000000000000;Marieta I;0,047000000000000;976,980999999999995;976,981049034999955;-46866,447629700000107
BAIRRO_POPULAR.346;346,000000000000000;1353,000000000000000;Mariquinhas;0,146000000000000;2052,704999999999927;2052,705221260000144;-146377,924148999998579
BAIRRO_POPULAR.347;347,000000000000000;1354,000000000000000;Marmiteiros;0,028000000000000;697,399000000000001;697,398819221000053;-27587,258704700001545
BAIRRO_POPULAR.348;348,000000000000000;1356,000000000000000;Mirante;0,013000000000000;475,110000000000014;475,110037900999998;-12530,035459999999148
BAIRRO_POPULAR.349;349,000000000000000;1357,000000000000000;Mirtes;0,013000000000000;516,947000000000003;516,946675542999969;-12994,614869900000485
BAIRRO_POPULAR.350;350,000000000000000;1358,000000000000000;Vila Madre Gertrudes III;0,018000000000000;715,647000000000048;715,646574562999945;-17565,364241800001764
BAIRRO_POPULAR.351;351,000000000000000;1359,000000000000000;Morro dos Macacos;0,015000000000000;1075,732999999999947;1075,732793520000087;-14824,613479100000404
BAIRRO_POPULAR.352;352,000000000000000;1360,000000000000000;Vila Nossa Senhora Aparecida;0,069000000000000;1392,957000000000107;1392,957393509999974;-69239,523917400001665
BAIRRO_POPULAR.353;353,000000000000000;1361,000000000000000;Nossa Senhora da Aparecida;0,134000000000000;2737,920000000000073;2737,919883449999816;-134038,451517999987118
BAIRRO_POPULAR.354;354,000000000000000;1362,000000000000000;Nossa Senhora da Conceição;0,203000000000000;2154,826000000000022;2154,826206849999835;-203385,732037000008859
BAIRRO_POPULAR.355;355,000000000000000;1363,000000000000000;Nossa Senhora de Fátima;0,620000000000000;4157,530999999999949;4157,530756010000005;-620498,788473999942653
BAIRRO_POPULAR.356;356,000000000000000;1364,000000000000000;Nossa Senhora do Rosário;0,176000000000000;2194,181000000000040;2194,181248299999879;-175663,433327000006102
BAIRRO_POPULAR.357;357,000000000000000;1365,000000000000000;Conjunto Novo Dom Bosco;0,023000000000000;799,567999999999984;799,568663210999944;-22542,046190400000341
BAIRRO_POPULAR.358;358,000000000000000;1366,000000000000000;Novo Ouro Preto;0,032000000000000;883,774000000000001;883,773521217000052;-32289,068184700001439
BAIRRO_POPULAR.359;359,000000000000000;1367,000000000000000;Novo Santa Cecília;0,234000000000000;2325,474999999999909;2325,474724010000045;-233943,962201999995159
BAIRRO_POPULAR.360;360,000000000000000;1368,000000000000000;Novo Tupi;0,312000000000000;4548,671999999999571;4548,672362319999593;-312396,873864999972284
BAIRRO_POPULAR.361;361,000000000000000;1369,000000000000000;Oeste;0,791000000000000;7657,376000000000204;7657,375776670000050;-790744,263054999988526
BAIRRO_POPULAR.362;362,000000000000000;1370,000000000000000;Pantanal;0,045000000000000;965,158999999999992;965,159174026999949;-44902,752262299996801
BAIRRO_POPULAR.363;363,000000000000000;1371,000000000000000;Parque São Pedro;0,403000000000000;3321,905000000000200;3321,905368849999832;-403139,601670000003651
BAIRRO_POPULAR.364;364,000000000000000;1372,000000000000000;Penha;0,214000000000000;1947,195999999999913;1947,196006709999892;-214304,860294999991311
BAIRRO_POPULAR.365;365,000000000000000;1373,000000000000000;São Francisco das Chagas;0,028000000000000;1455,115999999999985;1455,116512459999967;-27726,128388799999811
BAIRRO_POPULAR.366;366,000000000000000;1374,000000000000000;Pindura Saia;0,004000000000000;329,302999999999997;329,302971979000006;-4279,670342979999987
BAIRRO_POPULAR.367;367,000000000000000;1375,000000000000000;Vila Piratininga Venda Nova;0,009000000000000;466,521999999999991;466,521790196999973;-9414,276845630000025
BAIRRO_POPULAR.368;368,000000000000000;1376,000000000000000;Pirineus;0,515000000000000;3171,063000000000102;3171,063415369999802;-515308,670064000005368
BAIRRO_POPULAR.369;369,000000000000000;1378,000000000000000;Santa Isabel;0,006000000000000;362,930000000000007;362,930463270000018;-5763,379526230000010
BAIRRO_POPULAR.370;370,000000000000000;1379,000000000000000;Santa Rita de Cássia;0,158000000000000;2081,891000000000076;2081,891604460000053;-157894,719650999992155
BAIRRO_POPULAR.371;371,000000000000000;1380,000000000000000;Santa Sofia;0,128000000000000;1572,989000000000033;1572,989669370000001;-127740,227983000004315
BAIRRO_POPULAR.372;372,000000000000000;1381,000000000000000;Santana do Cafezal;0,175000000000000;2289,605000000000018;2289,605067980000058;-175287,120244999998249
BAIRRO_POPULAR.373;373,000000000000000;1382,000000000000000;São Benedito;0,040000000000000;797,917000000000030;797,916799154000046;-39588,502925399996457
BAIRRO_POPULAR.374;374,000000000000000;1383,000000000000000;São Damião;0,217000000000000;2510,802000000000135;2510,801594959999875;-216587,435663000011118
BAIRRO_POPULAR.375;375,000000000000000;1384,000000000000000;São Gonçalo;0,243000000000000;2431,007999999999811;2431,007686219999869;-243334,467662999988534
BAIRRO_POPULAR.376;376,000000000000000;1385,000000000000000;São João;0,060000000000000;1424,097999999999956;1424,097724530000050;-60014,933155699996860
BAIRRO_POPULAR.377;377,000000000000000;1670,000000000000000;São Jorge I;0,079000000000000;1460,105999999999995;1460,105978670000013;-78907,317204299994046
BAIRRO_POPULAR.379;379,000000000000000;1388,000000000000000;São Vicente;0,015000000000000;632,943999999999960;632,944270135000011;-15212,481589000000895
BAIRRO_POPULAR.380;380,000000000000000;1389,000000000000000;Satélite;0,140000000000000;1881,034000000000106;1881,034390009999925;-139788,031138999998802
BAIRRO_POPULAR.381;381,000000000000000;1390,000000000000000;Senhor dos Passos;0,125000000000000;1935,162000000000035;1935,162482200000113;-124903,194252999994205
BAIRRO_POPULAR.382;382,000000000000000;1391,000000000000000;Vila Madre Gertrudes I;0,061000000000000;1474,001999999999953;1474,002126200000021;-60975,919509699997434
BAIRRO_POPULAR.383;383,000000000000000;1392,000000000000000;Sport Club;0,063000000000000;1428,409000000000106;1428,409459810000044;-63489,376741599997331
BAIRRO_POPULAR.384;384,000000000000000;1393,000000000000000;Vila Tiradentes;0,045000000000000;1091,185999999999922;1091,185750070000040;-44738,145696500003396
BAIRRO_POPULAR.385;385,000000000000000;1394,000000000000000;Três Marias;0,036000000000000;922,792000000000030;922,791649377999988;-36142,174469400000817
BAIRRO_POPULAR.387;387,000000000000000;1396,000000000000000;Universo;0,051000000000000;2234,110999999999876;2234,110757899999953;-50936,756676700002572
BAIRRO_POPULAR.388;388,000000000000000;1397,000000000000000;Urca;0,289000000000000;2453,376999999999953;2453,376955610000095;-288736,221653999993578
BAIRRO_POPULAR.389;389,000000000000000;1398,000000000000000;Várzea da Palma;0,005000000000000;337,559000000000026;337,558919547000016;-5468,467795980000119
BAIRRO_POPULAR.392;392,000000000000000;1401,000000000000000;Vila Aeroporto;0,076000000000000;1660,117999999999938;1660,117470180000055;-75681,630818100005854
BAIRRO_POPULAR.393;393,000000000000000;1402,000000000000000;Vila Aeroporto Jaraguá;0,010000000000000;565,173000000000002;565,173235803000011;-10416,265314099999159
BAIRRO_POPULAR.395;395,000000000000000;1404,000000000000000;Vila Jardim Alvorada;0,231000000000000;2745,168999999999869;2745,168744579999839;-230908,287990999990143
BAIRRO_POPULAR.396;396,000000000000000;1405,000000000000000;Vila Antena;0,064000000000000;1308,890000000000100;1308,890423329999976;-64384,633630900003482
BAIRRO_POPULAR.397;397,000000000000000;1406,000000000000000;Vila Antena Montanhês;0,025000000000000;917,596000000000004;917,595637517999990;-25436,083153200001107
BAIRRO_POPULAR.398;398,000000000000000;1407,000000000000000;Vila Átila de Paiva;0,046000000000000;1692,977000000000089;1692,976407010000003;-46231,029120999999577
BAIRRO_POPULAR.399;399,000000000000000;1408,000000000000000;Vila Bandeirantes;0,020000000000000;677,756999999999948;677,756666815000017;-19621,015835999998671
BAIRRO_POPULAR.400;400,000000000000000;1409,000000000000000;Vila Barragem Santa Lúcia;0,278000000000000;3200,150999999999840;3200,150695629999973;-278060,683343000011519
BAIRRO_POPULAR.401;401,000000000000000;1410,000000000000000;Vila Boa Vista;0,028000000000000;1147,512999999999920;1147,512544059999982;-27754,485283099998924
BAIRRO_POPULAR.402;402,000000000000000;1676,000000000000000;Vila Calafate;0,021000000000000;728,599000000000046;728,599501925000027;-21240,125695300001098
BAIRRO_POPULAR.403;403,000000000000000;1412,000000000000000;Vila Califórnia;0,109000000000000;2720,525999999999840;2720,526360119999936;-108852,743757000003825
BAIRRO_POPULAR.404;404,000000000000000;1413,000000000000000;Vila Copacabana;0,024000000000000;1321,867999999999938;1321,868386580000106;-24041,805455300000176
BAIRRO_POPULAR.405;405,000000000000000;1414,000000000000000;Vila COPASA;0,009000000000000;520,687999999999988;520,688198856999975;-9453,581896399999096
BAIRRO_POPULAR.406;406,000000000000000;1415,000000000000000;Vila Coqueiral;0,062000000000000;1264,101000000000113;1264,101003179999907;-62084,897624099998211
BAIRRO_POPULAR.408;408,000000000000000;1417,000000000000000;Vila da Paz;0,018000000000000;1005,787000000000035;1005,786715329999993;-17610,797011599999678
BAIRRO_POPULAR.410;410,000000000000000;1419,000000000000000;Vila de Sá;0,015000000000000;1064,759000000000015;1064,759012230000053;-15122,175273000000743
BAIRRO_POPULAR.411;411,000000000000000;1420,000000000000000;Vila do Pombal;0,004000000000000;275,446000000000026;275,445531370000026;-3756,927487779999865
BAIRRO_POPULAR.412;412,000000000000000;1421,000000000000000;Vila dos Anjos;0,031000000000000;809,820000000000050;809,819921687000033;-31436,159537399998953
BAIRRO_POPULAR.413;413,000000000000000;1422,000000000000000;Vila Engenho Nogueira;0,016000000000000;748,162000000000035;748,161647074000030;-15750,245331800000713
BAIRRO_POPULAR.414;414,000000000000000;1423,000000000000000;Vila FUMEC;0,003000000000000;255,028999999999996;255,029050471999994;-3409,483518000000004
BAIRRO_POPULAR.415;415,000000000000000;1424,000000000000000;Vila Havaí;0,009000000000000;547,491999999999962;547,491751525000041;-9075,085082940000575
BAIRRO_POPULAR.416;416,000000000000000;1425,000000000000000;Vila Independência I;0,145000000000000;2812,309999999999945;2812,310088209999776;-144835,160849000007147
BAIRRO_POPULAR.417;417,000000000000000;1426,000000000000000;Vila Independência II;0,078000000000000;2295,940000000000055;2295,939866430000166;-77762,577693300001556
BAIRRO_POPULAR.418;418,000000000000000;1427,000000000000000;Vila Independência IV;0,040000000000000;1278,967000000000098;1278,967160619999959;-39828,004743999998027
BAIRRO_POPULAR.419;419,000000000000000;1428,000000000000000;Vila Inestan;0,021000000000000;1063,914999999999964;1063,914743069999986;-21462,542022099998576
BAIRRO_POPULAR.420;420,000000000000000;1429,000000000000000;Vila Ipiranga;0,005000000000000;392,404999999999973;392,405351681000013;-4737,441704529999697
BAIRRO_POPULAR.421;421,000000000000000;1430,000000000000000;Vila Jardim Leblon;0,014000000000000;971,833999999999946;971,833868854999992;-13762,836868599999434
BAIRRO_POPULAR.422;422,000000000000000;1431,000000000000000;Vila Jardim Montanhês;0,034000000000000;994,364000000000033;994,364024227999948;-33791,465311300002213
BAIRRO_POPULAR.424;424,000000000000000;1433,000000000000000;Vila Maloca;0,021000000000000;586,619000000000028;586,619214297999974;-20748,012637899999390
BAIRRO_POPULAR.425;425,000000000000000;1677,000000000000000;Vila Mangueiras;0,093000000000000;2309,505999999999858;2309,506067060000078;-93031,099229600004037
BAIRRO_POPULAR.426;426,000000000000000;1435,000000000000000;Vila Mantiqueira;0,027000000000000;1583,963999999999942;1583,964612770000031;-26666,514933900001779
BAIRRO_POPULAR.427;427,000000000000000;1436,000000000000000;Vila Maria;0,123000000000000;1820,463999999999942;1820,464319319999959;-123002,185400999995181
BAIRRO_POPULAR.428;428,000000000000000;1437,000000000000000;Vila Minaslândia;0,039000000000000;1240,416999999999916;1240,416979529999935;-39128,864699099998688
BAIRRO_POPULAR.429;429,000000000000000;1438,000000000000000;Vila Nossa Senhora do Rosário;0,024000000000000;979,710000000000036;979,709850533999997;-23955,188994500000263
BAIRRO_POPULAR.430;430,000000000000000;1439,000000000000000;Vila Nova;0,017000000000000;655,083999999999946;655,083698102999961;-16819,045702200000960
BAIRRO_POPULAR.431;431,000000000000000;1440,000000000000000;Vila Nova Cachoeirinha I;0,059000000000000;1528,655999999999949;1528,656478769999921;-58760,065006999997422
BAIRRO_POPULAR.432;432,000000000000000;1441,000000000000000;Vila Nova Cachoeirinha II;0,007000000000000;415,720000000000027;415,719617662000019;-6906,269723540000086
BAIRRO_POPULAR.434;434,000000000000000;1443,000000000000000;Vila Nova Cachoeirinha IV;0,015000000000000;695,947999999999979;695,947410901000012;-15162,501778899999408
BAIRRO_POPULAR.435;435,000000000000000;1444,000000000000000;Vila Nova dos Milionários;0,012000000000000;446,343999999999994;446,343978386999993;-11837,237463299999945
BAIRRO_POPULAR.436;436,000000000000000;1445,000000000000000;Vila Nova Gameleira I;0,022000000000000;1009,490999999999985;1009,491312490000041;-22129,951362399999198
BAIRRO_POPULAR.437;437,000000000000000;1446,000000000000000;Vila Nova Gameleira II;0,055000000000000;1041,278000000000020;1041,278229329999931;-54604,294126699998742
BAIRRO_POPULAR.438;438,000000000000000;1447,000000000000000;Vila Nova Gameleira III;0,015000000000000;543,557999999999993;543,557676886999957;-15270,341707899999165
BAIRRO_POPULAR.439;439,000000000000000;1448,000000000000000;Vila Nova Paraíso;0,030000000000000;785,477999999999952;785,477426341999944;-30016,713711899999907
BAIRRO_POPULAR.440;440,000000000000000;1449,000000000000000;Vila Novo São Lucas;0,140000000000000;2060,103999999999814;2060,104677819999779;-140203,760822000011103
BAIRRO_POPULAR.442;442,000000000000000;1451,000000000000000;Vila Paquetá;0,011000000000000;703,264999999999986;703,265017392000004;-10900,736135099999956
BAIRRO_POPULAR.443;443,000000000000000;1452,000000000000000;Vila Paraíso;0,018000000000000;1542,477000000000089;1542,476801349999960;-17821,109981900001003
BAIRRO_POPULAR.444;444,000000000000000;1453,000000000000000;Vila Petrópolis;0,011000000000000;469,468000000000018;469,467515841000022;-11097,967842100000780
BAIRRO_POPULAR.446;446,000000000000000;1455,000000000000000;Vila Piratininga;0,074000000000000;2799,297000000000025;2799,297284390000186;-73770,381291400000919
BAIRRO_POPULAR.447;447,000000000000000;1456,000000000000000;Vila Primeiro de Maio;0,164000000000000;1949,244999999999891;1949,245004879999897;-164275,315960000007180
BAIRRO_POPULAR.448;448,000000000000000;1457,000000000000000;Vila PUC;0,004000000000000;328,779999999999973;328,780418784000005;-3741,267018420000113
BAIRRO_POPULAR.449;449,000000000000000;1458,000000000000000;Vila Real I;0,002000000000000;203,256000000000000;203,256107751000002;-2454,467152170000190
BAIRRO_POPULAR.450;450,000000000000000;1459,000000000000000;Vila Real II;0,018000000000000;735,535999999999945;735,536321295999983;-18356,078103600000759
BAIRRO_POPULAR.451;451,000000000000000;1460,000000000000000;Vila Rica;0,029000000000000;756,254000000000019;756,253989115999957;-28849,951569199998630
BAIRRO_POPULAR.453;453,000000000000000;1462,000000000000000;Vila Santa Rosa;0,029000000000000;1417,251999999999953;1417,252173240000047;-28756,561259999998583
BAIRRO_POPULAR.454;454,000000000000000;1463,000000000000000;Vila Santo Antônio;0,006000000000000;329,276999999999987;329,276717577999989;-6258,018941659999655
BAIRRO_POPULAR.455;455,000000000000000;1464,000000000000000;Vila Santo Antônio Barroquinha;0,033000000000000;1264,788000000000011;1264,788349229999994;-32737,049450499998784
BAIRRO_POPULAR.456;456,000000000000000;1465,000000000000000;Vila São Francisco;0,003000000000000;303,362000000000023;303,361936241000024;-3399,232772629999999
BAIRRO_POPULAR.458;458,000000000000000;1467,000000000000000;Vila São Geraldo;0,004000000000000;275,976999999999975;275,976699798000027;-3794,155188289999842
BAIRRO_POPULAR.459;459,000000000000000;1468,000000000000000;Vila São Paulo;0,074000000000000;1821,182999999999993;1821,183446960000083;-73531,062297399999807
BAIRRO_POPULAR.461;461,000000000000000;1470,000000000000000;Vila São Rafael;0,029000000000000;1349,222999999999956;1349,223078790000045;-29007,860069999998814
BAIRRO_POPULAR.462;462,000000000000000;1471,000000000000000;Vila Satélite;0,013000000000000;611,333999999999946;611,334198227000002;-12514,999041700000816
BAIRRO_POPULAR.464;464,000000000000000;1473,000000000000000;Vila Sumaré;0,069000000000000;2105,342000000000098;2105,342361410000194;-68920,542674399999669
BAIRRO_POPULAR.465;465,000000000000000;1474,000000000000000;Vila Suzana I;0,065000000000000;1159,266000000000076;1159,266213670000070;-64787,244705299999623
BAIRRO_POPULAR.466;466,000000000000000;1475,000000000000000;Vila Suzana II;0,003000000000000;334,891000000000020;334,890853542000002;-3397,627389650000168
BAIRRO_POPULAR.467;467,000000000000000;1476,000000000000000;Vila Tirol;0,008000000000000;555,759999999999991;555,760583601000008;-8050,250142140000207
BAIRRO_POPULAR.468;468,000000000000000;1477,000000000000000;Vila Trinta e Um de Março;0,056000000000000;1155,615999999999985;1155,615371899999900;-55734,357518700002402
BAIRRO_POPULAR.469;469,000000000000000;1478,000000000000000;Vila União;0,014000000000000;552,258000000000038;552,258484670000030;-14384,366289499999766
BAIRRO_POPULAR.470;470,000000000000000;1479,000000000000000;São Sebastião;0,019000000000000;691,378000000000043;691,378487168999982;-18672,181515200001741
BAIRRO_POPULAR.471;471,000000000000000;1480,000000000000000;Vila Vista Alegre;0,370000000000000;3368,045999999999822;3368,046523219999926;-369547,528506000002380
BAIRRO_POPULAR.472;472,000000000000000;1481,000000000000000;Vitória;0,408000000000000;4034,733999999999924;4034,734374780000053;-407520,277054000005592
BAIRRO_POPULAR.473;473,000000000000000;1482,000000000000000;Zilah Spósito;0,086000000000000;1979,919000000000096;1979,918388119999918;-86338,107498199999100
BAIRRO_POPULAR.474;474,000000000000000;1483,000000000000000;Acaba Mundo;0,040000000000000;1257,924999999999955;1257,924563439999929;-40318,985263399998075
BAIRRO_POPULAR.475;475,000000000000000;1484,000000000000000;Novo Glória;0,708000000000000;3772,371999999999844;3772,372253699999874;-707807,955606000032276
BAIRRO_POPULAR.476;476,000000000000000;1485,000000000000000;CDI Jatobá;0,877000000000000;5831,430000000000291;5831,429974210000182;-877343,985776999965310
BAIRRO_POPULAR.477;477,000000000000000;1486,000000000000000;Vila São Dimas;0,010000000000000;706,202999999999975;706,202515829000049;-9790,881088120000641
BAIRRO_POPULAR.478;478,000000000000000;1487,000000000000000;Cidade Jardim Taquaril;2,083000000000000;7654,537000000000262;7654,537830719999874;-2082937,787359999958426
BAIRRO_POPULAR.480;480,000000000000000;1490,000000000000000;Bairro das Indústrias I;3,661000000000000;9838,272999999999229;9838,272959249999985;-3660704,346650000195950
BAIRRO_POPULAR.481;481,000000000000000;1491,000000000000000;Barreiro;1,580000000000000;5851,063000000000102;5851,062688220000382;-1580184,786120000062510
BAIRRO_POPULAR.482;482,000000000000000;1492,000000000000000;Conjunto Califórnia I;0,298000000000000;2412,570999999999913;2412,570600110000214;-298112,361733000027016
BAIRRO_POPULAR.483;483,000000000000000;1493,000000000000000;Jardim Leblon;0,740000000000000;8890,768000000000029;8890,767465850000008;-740444,935217999969609
BAIRRO_POPULAR.484;484,000000000000000;1494,000000000000000;Serra do Curral;17,376999999999999;26926,686000000001513;26926,685524299999088;-17376525,179200001060963
BAIRRO_POPULAR.485;485,000000000000000;1495,000000000000000;Conjunto Capitão Eduardo;0,170000000000000;1746,356999999999971;1746,357049640000014;-169608,864387999987230
BAIRRO_POPULAR.486;486,000000000000000;1342,000000000000000;Mala e Cuia;0,002000000000000;342,711999999999989;342,712093797000023;-2085,232336319999831
BAIRRO_POPULAR.487;487,000000000000000;1651,000000000000000;Belém;0,002000000000000;170,076999999999998;170,076775332000011;-1609,626793390000103
BAIRRO_POPULAR.490;490,000000000000000;1653,000000000000000;Vila Vera Cruz II;0,001000000000000;150,594999999999999;150,594726892000011;-1417,319097240000019
BAIRRO_POPULAR.491;491,000000000000000;1652,000000000000000;Vila Vera Cruz I;0,008000000000000;839,327999999999975;839,328511532999983;-8147,684871069999645
BAIRRO_POPULAR.493;493,000000000000000;1658,000000000000000;Andiroba;0,028000000000000;864,857999999999947;864,857675997000001;-28008,986672700000781
BAIRRO_POPULAR.497;497,000000000000000;1659,000000000000000;Boa Esperança;0,019000000000000;701,125999999999976;701,125829094999972;-18756,856632399998489
BAIRRO_POPULAR.498;498,000000000000000;1660,000000000000000;Vila da Luz;0,073000000000000;1825,394000000000005;1825,393929919999891;-72517,748097100004088
BAIRRO_POPULAR.499;499,000000000000000;1661,000000000000000;Vila Ouro Minas;0,037000000000000;898,633000000000038;898,633337198000049;-36567,065746100000979
BAIRRO_POPULAR.501;501,000000000000000;1662,000000000000000;Vila São Gabriel;0,021000000000000;785,876999999999953;785,876830673999962;-21323,852129999999306
BAIRRO_POPULAR.502;502,000000000000000;1664,000000000000000;Vila Canto do Sabiá;0,014000000000000;582,010999999999967;582,011018720000038;-13568,770869100000709
BAIRRO_POPULAR.506;506,000000000000000;1672,000000000000000;São Jorge III;0,222000000000000;3127,106000000000222;3127,106551400000171;-221828,843373999989126
BAIRRO_POPULAR.510;510,000000000000000;1668,000000000000000;Ambrosina;0,055000000000000;1339,857999999999947;1339,858128229999920;-54957,839398299998720
BAIRRO_POPULAR.511;511,000000000000000;1671,000000000000000;São Jorge II;0,155000000000000;1860,476000000000113;1860,476382849999936;-154682,202210999996169
BAIRRO_POPULAR.512;512,000000000000000;1665,000000000000000;Alta Tensão;0,014000000000000;1106,724999999999909;1106,725445770000078;-14169,111561800000345
BAIRRO_POPULAR.513;513,000000000000000;1666,000000000000000;Alto das Antenas;0,156000000000000;2064,996999999999844;2064,997360570000183;-155657,582824000011897
BAIRRO_POPULAR.515;515,000000000000000;1675,000000000000000;Vila da Amizade;0,021000000000000;1219,404999999999973;1219,404481130000022;-21347,780147900000884
BAIRRO_POPULAR.617;617,000000000000000;1972,000000000000000;Lagoa da Pampulha;3,138000000000000;18175,488000000001193;18175,487958599998819;-3138282,471690000034869
BAIRRO_POPULAR.618;618,000000000000000;1973,000000000000000;Marieta II;0,008000000000000;651,851999999999975;651,852386354000032;-8138,121529189999819
BAIRRO_POPULAR.619;619,000000000000000;1976,000000000000000;Antônio Ribeiro de Abreu;0,030000000000000;1350,824000000000069;1350,824490160000096;-30230,009781000000658
BAIRRO_POPULAR.620;620,000000000000000;1975,000000000000000;Vila Santa Mônica;0,058000000000000;2440,692000000000007;2440,691948749999938;-58370,171841600000334
BAIRRO_POPULAR.621;621,000000000000000;1974,000000000000000;Ventosa;0,219000000000000;5121,646999999999935;5121,647559109999747;-219319,079686000011861
BAIRRO_POPULAR.636;636,000000000000000;2026,000000000000000;Vila Viveiro;0,069000000000000;1233,807999999999993;1233,807972569999947;-69445,694254500005627
BAIRRO_POPULAR.637;637,000000000000000;2027,000000000000000;Vila Alto dos Pinheiros;0,011000000000000;505,886000000000024;505,885500926000020;-11099,038627600000837
BAIRRO_POPULAR.638;638,000000000000000;2028,000000000000000;Vila São Tomáz;0,213000000000000;3996,289000000000215;3996,289672920000157;-212901,558996000007028
BAIRRO_POPULAR.639;639,000000000000000;2029,000000000000000;Vila Nova Cintra;0,006000000000000;439,673999999999978;439,674176120000027;-5970,613474230000065
BAIRRO_POPULAR.640;640,000000000000000;2030,000000000000000;Jardim Getsemani;0,360000000000000;2805,278999999999996;2805,279370629999903;-359551,306635999993887
BAIRRO_POPULAR.641;641,000000000000000;2031,000000000000000;Vila Verde;0,008000000000000;460,901999999999987;460,902238253000007;-7685,608789609999803
BAIRRO_POPULAR.642;642,000000000000000;2032,000000000000000;Cristo Rei;0,010000000000000;529,692999999999984;529,693334553999989;-9609,994373890000134
BAIRRO_POPULAR.643;643,000000000000000;2033,000000000000000;Novo Lajedo;0,397000000000000;3564,606000000000222;3564,606478220000099;-396999,364928000024520
BAIRRO_POPULAR.644;644,000000000000000;2034,000000000000000;Tiradentes;0,677000000000000;3726,989000000000033;3726,988541000000168;-676988,413210000027902
BAIRRO_POPULAR.645;645,000000000000000;2035,000000000000000;Montes Claros;0,690000000000000;3946,577999999999975;3946,577749630000199;-690154,997664000024088
BAIRRO_POPULAR.646;646,000000000000000;2036,000000000000000;Jardim Liberdade;0,533000000000000;3601,976000000000113;3601,976059260000056;-533072,397374999942258
BAIRRO_POPULAR.647;647,000000000000000;2037,000000000000000;Vila Horto Florestal;0,005000000000000;318,064999999999998;318,065210048999973;-4851,672558119999849
BAIRRO_POPULAR.648;648,000000000000000;2038,000000000000000;Vila Trevo;0,014000000000000;587,533999999999992;587,533589471000028;-14194,715145000000120
BAIRRO_POPULAR.649;649,000000000000000;2039,000000000000000;São Judas Tadeu;0,034000000000000;1126,944999999999936;1126,945493810000016;-33608,599152100003266
BAIRRO_POPULAR.650;650,000000000000000;2040,000000000000000;Eliana Silva;0,035000000000000;832,413999999999987;832,413905838999995;-35047,036382400001457
BAIRRO_POPULAR.651;651,000000000000000;2041,000000000000000;Irmã Dorothy;0,021000000000000;700,870999999999981;700,871085623999988;-21056,741861800001061
BAIRRO_POPULAR.652;652,000000000000000;2042,000000000000000;Camilo Torres;0,016000000000000;518,289999999999964;518,289672235000012;-16163,680830400000559
BAIRRO_POPULAR.653;653,000000000000000;2043,000000000000000;Dandara;0,258000000000000;2073,744000000000142;2073,744317159999810;-257787,193868000002112
